-- Coloana ajutatoare la migrare.
ALTER TABLE workflowstate ADD COLUMN IF NOT EXISTS temp_workflow_id_ BIGINT;

-- Workflow > UAT Local - Agenda sedinta PVG
INSERT INTO workflow (id, description, name, processdefinitionid, version_number, base_version_id, source_version_id) VALUES (nextval('HIBERNATE_SEQUENCE'), null, 'UAT Local - Agenda sedinta PVG', null, 1, null, null);

INSERT INTO workflow_doc_type (workflow_id, document_type_id) VALUES ((select id from workflow where name='UAT Local - Agenda sedinta PVG'), (select id from documenttype where name='UAT Local - Agenda sedinta PVG'));

INSERT INTO workflowstate (id, attachmentspermission, code, name, statetype, automaticrunning, classpath, temp_workflow_id_) VALUES (nextval('HIBERNATE_SEQUENCE'), 0, 'agenda_pvg_finalizata', 'Agenda PVG finalizata', 3, FALSE, null, (select id from workflow where name='UAT Local - Agenda sedinta PVG'));
INSERT INTO workflowstate (id, attachmentspermission, code, name, statetype, automaticrunning, classpath, temp_workflow_id_) VALUES (nextval('HIBERNATE_SEQUENCE'), 3, 'asignare_initiere_task', 'Asignare si initiere task', 1, FALSE, null, (select id from workflow where name='UAT Local - Agenda sedinta PVG'));
INSERT INTO workflowstate (id, attachmentspermission, code, name, statetype, automaticrunning, classpath, temp_workflow_id_) VALUES (nextval('HIBERNATE_SEQUENCE'), 3, 'completare_initiala_metadate', 'Completare initiala metadate', 2, FALSE, null, (select id from workflow where name='UAT Local - Agenda sedinta PVG'));
INSERT INTO workflowstate (id, attachmentspermission, code, name, statetype, automaticrunning, classpath, temp_workflow_id_) VALUES (nextval('HIBERNATE_SEQUENCE'), 3, 'definitivare_agenda_pvg', 'Definitivare Agenda PVG', 2, FALSE, null, (select id from workflow where name='UAT Local - Agenda sedinta PVG'));
INSERT INTO workflowstate (id, attachmentspermission, code, name, statetype, automaticrunning, classpath, temp_workflow_id_) VALUES (nextval('HIBERNATE_SEQUENCE'), 0, 'marcare_intalnire_pvg_calendar_agenda', 'Marcare intalnire PVG in Calendar ARB si in Agenda PE', 2, TRUE, 'ro.cloudSoft.cloudDoc.services.bpm.custom.InsertEventInCalendar', (select id from workflow where name='UAT Local - Agenda sedinta PVG'));
INSERT INTO workflowstate (id, attachmentspermission, code, name, statetype, automaticrunning, classpath, temp_workflow_id_) VALUES (nextval('HIBERNATE_SEQUENCE'), 3, 'propunere_definitivare', 'Propunere definitivare', 2, FALSE, null, (select id from workflow where name='UAT Local - Agenda sedinta PVG'));

INSERT INTO workflowtransition (id, available_4_auto_actions_only, deadlineaction, deadlineactiontype, deadlinenotifyresendinterval, deadlineperiod, name, routingcondition, routingdestinationid, routingdestinationparameter, routingtype, finalstate_id, startstate_id, workflow_id) VALUES (nextval('HIBERNATE_SEQUENCE'), FALSE, FALSE, null, null, null, 'Intalnire marcata in Calendar ARB si in Agenda PE', null, null, null, null, (select id from workflowstate where code='agenda_pvg_finalizata' and temp_workflow_id_=(select id from workflow where name='UAT Local - Agenda sedinta PVG')), (select id from workflowstate where code='marcare_intalnire_pvg_calendar_agenda' and temp_workflow_id_=(select id from workflow where name='UAT Local - Agenda sedinta PVG')), (select id from workflow where name='UAT Local - Agenda sedinta PVG'));
INSERT INTO workflowtransition (id, available_4_auto_actions_only, deadlineaction, deadlineactiontype, deadlinenotifyresendinterval, deadlineperiod, name, routingcondition, routingdestinationid, routingdestinationparameter, routingtype, finalstate_id, startstate_id, workflow_id) VALUES (nextval('HIBERNATE_SEQUENCE'), FALSE, FALSE, null, null, null, 'Agenda PVG definitivata', null, null, null, null, (select id from workflowstate where code='marcare_intalnire_pvg_calendar_agenda' and temp_workflow_id_=(select id from workflow where name='UAT Local - Agenda sedinta PVG')), (select id from workflowstate where code='definitivare_agenda_pvg' and temp_workflow_id_=(select id from workflow where name='UAT Local - Agenda sedinta PVG')), (select id from workflow where name='UAT Local - Agenda sedinta PVG'));
INSERT INTO workflowtransition (id, available_4_auto_actions_only, deadlineaction, deadlineactiontype, deadlinenotifyresendinterval, deadlineperiod, name, routingcondition, routingdestinationid, routingdestinationparameter, routingtype, finalstate_id, startstate_id, workflow_id) VALUES (nextval('HIBERNATE_SEQUENCE'), FALSE, FALSE, null, null, null, 'Metadate completate initial', null, (select ORG_ENTITY_ID from ORGANIZATIONUNIT where name='Presedinte Executiv'), null, 'OU', (select id from workflowstate where code='propunere_definitivare' and temp_workflow_id_=(select id from workflow where name='UAT Local - Agenda sedinta PVG')), (select id from workflowstate where code='completare_initiala_metadate' and temp_workflow_id_=(select id from workflow where name='UAT Local - Agenda sedinta PVG')), (select id from workflow where name='UAT Local - Agenda sedinta PVG'));
INSERT INTO workflowtransition (id, available_4_auto_actions_only, deadlineaction, deadlineactiontype, deadlinenotifyresendinterval, deadlineperiod, name, routingcondition, routingdestinationid, routingdestinationparameter, routingtype, finalstate_id, startstate_id, workflow_id) VALUES (nextval('HIBERNATE_SEQUENCE'), FALSE, FALSE, null, null, null, 'Task completare Agenda PVG asignat si initiat', null, null, 'initiator_agenda_pvg', 'PARAMETER', (select id from workflowstate where code='completare_initiala_metadate' and temp_workflow_id_=(select id from workflow where name='UAT Local - Agenda sedinta PVG')), (select id from workflowstate where code='asignare_initiere_task' and temp_workflow_id_=(select id from workflow where name='UAT Local - Agenda sedinta PVG')), (select id from workflow where name='UAT Local - Agenda sedinta PVG'));
INSERT INTO workflowtransition (id, available_4_auto_actions_only, deadlineaction, deadlineactiontype, deadlinenotifyresendinterval, deadlineperiod, name, routingcondition, routingdestinationid, routingdestinationparameter, routingtype, finalstate_id, startstate_id, workflow_id) VALUES (nextval('HIBERNATE_SEQUENCE'), FALSE, FALSE, null, null, null, 'Definitivare Agenda PVG propusa', null, (select ORG_ENTITY_ID from edocgroup where name='Directori'), null, 'GROUP', (select id from workflowstate where code='definitivare_agenda_pvg' and temp_workflow_id_=(select id from workflow where name='UAT Local - Agenda sedinta PVG')), (select id from workflowstate where code='propunere_definitivare' and temp_workflow_id_=(select id from workflow where name='UAT Local - Agenda sedinta PVG')), (select id from workflow where name='UAT Local - Agenda sedinta PVG'));
-- Workflow < UAT Local - Agenda sedinta PVG

-- Workflow > UAT Local - Cerere concediu
INSERT INTO workflow (id, description, name, processdefinitionid, version_number, base_version_id, source_version_id) VALUES (nextval('HIBERNATE_SEQUENCE'), null, 'UAT Local - Cerere concediu', null, 1, null, null);

INSERT INTO workflow_doc_type (workflow_id, document_type_id) VALUES ((select id from workflow where name='UAT Local - Cerere concediu'), (select id from documenttype where name='UAT Local - Cerere concediu'));

INSERT INTO workflowstate (id, attachmentspermission, code, name, statetype, automaticrunning, classpath, temp_workflow_id_) VALUES (nextval('HIBERNATE_SEQUENCE'), 3, 'actualizare_zile_concediu_cerere_nepersonala', 'Actualizare zile concediu cerere nepersonala', 2, FALSE, null, (select id from workflow where name='UAT Local - Cerere concediu'));
INSERT INTO workflowstate (id, attachmentspermission, code, name, statetype, automaticrunning, classpath, temp_workflow_id_) VALUES (nextval('HIBERNATE_SEQUENCE'), 3, 'actualizare_zile_concediu_cerere_personala', 'Actualizare zile concediu cerere personala', 2, FALSE, null, (select id from workflow where name='UAT Local - Cerere concediu'));
INSERT INTO workflowstate (id, attachmentspermission, code, name, statetype, automaticrunning, classpath, temp_workflow_id_) VALUES (nextval('HIBERNATE_SEQUENCE'), 3, 'adaugare_comentariu_atasament_initiator_cerere_nepersonala', 'Adaugare comentariu, atasament initiator - cerere nepersonala', 2, FALSE, null, (select id from workflow where name='UAT Local - Cerere concediu'));
INSERT INTO workflowstate (id, attachmentspermission, code, name, statetype, automaticrunning, classpath, temp_workflow_id_) VALUES (nextval('HIBERNATE_SEQUENCE'), 3, 'adaugare_comentariu_atasament_initiator_cerere_personala', 'Adaugare comentariu, atasament initiator - cerere personala', 2, FALSE, null, (select id from workflow where name='UAT Local - Cerere concediu'));
INSERT INTO workflowstate (id, attachmentspermission, code, name, statetype, automaticrunning, classpath, temp_workflow_id_) VALUES (nextval('HIBERNATE_SEQUENCE'), 3, 'adaugare_comentariu_respingere_bom_cerere_nepersonala', 'Adaugare comentariu respingere BOM - cerere nepersonala', 2, FALSE, null, (select id from workflow where name='UAT Local - Cerere concediu'));
INSERT INTO workflowstate (id, attachmentspermission, code, name, statetype, automaticrunning, classpath, temp_workflow_id_) VALUES (nextval('HIBERNATE_SEQUENCE'), 3, 'adaugare_comentariu_respingere_bom_cerere_personala', 'Adaugare comentariu respingere BOM - cerere personala', 2, FALSE, null, (select id from workflow where name='UAT Local - Cerere concediu'));
INSERT INTO workflowstate (id, attachmentspermission, code, name, statetype, automaticrunning, classpath, temp_workflow_id_) VALUES (nextval('HIBERNATE_SEQUENCE'), 3, 'adaugare_comentariu_respingere_pe_cerere_nepersonala_beneficiar_diferit_dir', 'Adaugare comentariu respingere PE - cerere nepersonala, beneficiar diferit Director Executiv', 2, FALSE, null, (select id from workflow where name='UAT Local - Cerere concediu'));
INSERT INTO workflowstate (id, attachmentspermission, code, name, statetype, automaticrunning, classpath, temp_workflow_id_) VALUES (nextval('HIBERNATE_SEQUENCE'), 3, 'adaugare_comentariu_respingere_pe_cerere_nepersonala_beneficiar_dir', 'Adaugare comentariu respingere PE - cerere nepersonala, beneficiar Director Executiv', 2, FALSE, null, (select id from workflow where name='UAT Local - Cerere concediu'));
INSERT INTO workflowstate (id, attachmentspermission, code, name, statetype, automaticrunning, classpath, temp_workflow_id_) VALUES (nextval('HIBERNATE_SEQUENCE'), 3, 'adaugare_comentariu_respingere_pe_cerere_personala_beneficiar_diferit_dir', 'Adaugare comentariu respingere PE - cerere personala, beneficiar diferit Director Executiv', 2, FALSE, null, (select id from workflow where name='UAT Local - Cerere concediu'));
INSERT INTO workflowstate (id, attachmentspermission, code, name, statetype, automaticrunning, classpath, temp_workflow_id_) VALUES (nextval('HIBERNATE_SEQUENCE'), 3, 'adaugare_comentariu_respingere_pe_cerere_personala_beneficiar_dir', 'Adaugare comentariu respingere PE - cerere personala, beneficiar Director Executiv', 2, FALSE, null, (select id from workflow where name='UAT Local - Cerere concediu'));
INSERT INTO workflowstate (id, attachmentspermission, code, name, statetype, automaticrunning, classpath, temp_workflow_id_) VALUES (nextval('HIBERNATE_SEQUENCE'), 3, 'adaugare_comentariu_respingere_superior_cerere_nepersonala', 'Adaugare comentariu respingere superior - cerere nepersonala', 2, FALSE, null, (select id from workflow where name='UAT Local - Cerere concediu'));
INSERT INTO workflowstate (id, attachmentspermission, code, name, statetype, automaticrunning, classpath, temp_workflow_id_) VALUES (nextval('HIBERNATE_SEQUENCE'), 3, 'adaugare_comentariu_respingere_superior_cerere_personala', 'Adaugare comentariu respingere superior - cerere personala', 2, FALSE, null, (select id from workflow where name='UAT Local - Cerere concediu'));
INSERT INTO workflowstate (id, attachmentspermission, code, name, statetype, automaticrunning, classpath, temp_workflow_id_) VALUES (nextval('HIBERNATE_SEQUENCE'), 3, 'adaugare_profil_de_inlocuire_cerere_nepersonala', 'Adaugare profil de inlocuire - cerere nepersonala', 2, FALSE, null, (select id from workflow where name='UAT Local - Cerere concediu'));
INSERT INTO workflowstate (id, attachmentspermission, code, name, statetype, automaticrunning, classpath, temp_workflow_id_) VALUES (nextval('HIBERNATE_SEQUENCE'), 3, 'adaugare_profil_de_inlocuire_cerere_personala', 'Adaugare profil de inlocuire - cerere personala', 2, FALSE, null, (select id from workflow where name='UAT Local - Cerere concediu'));
INSERT INTO workflowstate (id, attachmentspermission, code, name, statetype, automaticrunning, classpath, temp_workflow_id_) VALUES (nextval('HIBERNATE_SEQUENCE'), 3, 'aprobare_bom_cerere_nepersonala', 'Aprobare BOM cerere nepersonala', 2, FALSE, null, (select id from workflow where name='UAT Local - Cerere concediu'));
INSERT INTO workflowstate (id, attachmentspermission, code, name, statetype, automaticrunning, classpath, temp_workflow_id_) VALUES (nextval('HIBERNATE_SEQUENCE'), 3, 'aprobare_bom_cerere_personala', 'Aprobare BOM cerere personala', 2, FALSE, null, (select id from workflow where name='UAT Local - Cerere concediu'));
INSERT INTO workflowstate (id, attachmentspermission, code, name, statetype, automaticrunning, classpath, temp_workflow_id_) VALUES (nextval('HIBERNATE_SEQUENCE'), 3, 'aprobare_cerere_nepersonala_pe', 'Aprobare cerere nepersonala PE', 2, FALSE, null, (select id from workflow where name='UAT Local - Cerere concediu'));
INSERT INTO workflowstate (id, attachmentspermission, code, name, statetype, automaticrunning, classpath, temp_workflow_id_) VALUES (nextval('HIBERNATE_SEQUENCE'), 3, 'aprobare_cerere_nepersonala_superior', 'Aprobare cerere nepersonala superior', 2, FALSE, null, (select id from workflow where name='UAT Local - Cerere concediu'));
INSERT INTO workflowstate (id, attachmentspermission, code, name, statetype, automaticrunning, classpath, temp_workflow_id_) VALUES (nextval('HIBERNATE_SEQUENCE'), 3, 'aprobare_cerere_personala_pe', 'Aprobare cerere personala PE', 2, FALSE, null, (select id from workflow where name='UAT Local - Cerere concediu'));
INSERT INTO workflowstate (id, attachmentspermission, code, name, statetype, automaticrunning, classpath, temp_workflow_id_) VALUES (nextval('HIBERNATE_SEQUENCE'), 3, 'aprobare_cerere_personala_superior', 'Aprobare cerere personala superior', 2, FALSE, null, (select id from workflow where name='UAT Local - Cerere concediu'));
INSERT INTO workflowstate (id, attachmentspermission, code, name, statetype, automaticrunning, classpath, temp_workflow_id_) VALUES (nextval('HIBERNATE_SEQUENCE'), 3, 'cerere_nepersonala_aprobata', 'Cerere nepersonala aprobata', 3, FALSE, null, (select id from workflow where name='UAT Local - Cerere concediu'));
INSERT INTO workflowstate (id, attachmentspermission, code, name, statetype, automaticrunning, classpath, temp_workflow_id_) VALUES (nextval('HIBERNATE_SEQUENCE'), 3, 'cerere_nepersonala_respinsa_bom', 'Cerere nepersonala respinsa BOM', 3, FALSE, null, (select id from workflow where name='UAT Local - Cerere concediu'));
INSERT INTO workflowstate (id, attachmentspermission, code, name, statetype, automaticrunning, classpath, temp_workflow_id_) VALUES (nextval('HIBERNATE_SEQUENCE'), 3, 'cerere_nepersonala_respinsa_pe_beneficiar_diferit_dir_exec', 'Cerere nepersonala respinsa PE, beneficiar diferit Director Executiv', 3, FALSE, null, (select id from workflow where name='UAT Local - Cerere concediu'));
INSERT INTO workflowstate (id, attachmentspermission, code, name, statetype, automaticrunning, classpath, temp_workflow_id_) VALUES (nextval('HIBERNATE_SEQUENCE'), 3, 'cerere_nepersonala_respinsa_pe_beneficiar_dir_exec', 'Cerere nepersonala respinsa PE, beneficiar Director Executiv', 3, FALSE, null, (select id from workflow where name='UAT Local - Cerere concediu'));
INSERT INTO workflowstate (id, attachmentspermission, code, name, statetype, automaticrunning, classpath, temp_workflow_id_) VALUES (nextval('HIBERNATE_SEQUENCE'), 3, 'cerere_nepersonala_respinsa_superior', 'Cerere nepersonala respinsa superior', 3, FALSE, null, (select id from workflow where name='UAT Local - Cerere concediu'));
INSERT INTO workflowstate (id, attachmentspermission, code, name, statetype, automaticrunning, classpath, temp_workflow_id_) VALUES (nextval('HIBERNATE_SEQUENCE'), 3, 'cerere_personala_aprobata', 'Cerere personala aprobata', 3, FALSE, null, (select id from workflow where name='UAT Local - Cerere concediu'));
INSERT INTO workflowstate (id, attachmentspermission, code, name, statetype, automaticrunning, classpath, temp_workflow_id_) VALUES (nextval('HIBERNATE_SEQUENCE'), 3, 'cerere_personala_respinsa_bom', 'Cerere personala respinsa BOM', 3, FALSE, null, (select id from workflow where name='UAT Local - Cerere concediu'));
INSERT INTO workflowstate (id, attachmentspermission, code, name, statetype, automaticrunning, classpath, temp_workflow_id_) VALUES (nextval('HIBERNATE_SEQUENCE'), 3, 'cerere_personala_respinsa_pe_beneficiar_diferit_dir_exec', 'Cerere personala respinsa PE, beneficiar diferit Director Executiv', 3, FALSE, null, (select id from workflow where name='UAT Local - Cerere concediu'));
INSERT INTO workflowstate (id, attachmentspermission, code, name, statetype, automaticrunning, classpath, temp_workflow_id_) VALUES (nextval('HIBERNATE_SEQUENCE'), 3, 'cerere_personala_respinsa_pe_beneficiar_dir_exec', 'Cerere personala respinsa PE, beneficiar Director Executiv', 3, FALSE, null, (select id from workflow where name='UAT Local - Cerere concediu'));
INSERT INTO workflowstate (id, attachmentspermission, code, name, statetype, automaticrunning, classpath, temp_workflow_id_) VALUES (nextval('HIBERNATE_SEQUENCE'), 3, 'cerere_personala_respinsa_superior', 'Cerere personala respinsa superior', 3, FALSE, null, (select id from workflow where name='UAT Local - Cerere concediu'));
INSERT INTO workflowstate (id, attachmentspermission, code, name, statetype, automaticrunning, classpath, temp_workflow_id_) VALUES (nextval('HIBERNATE_SEQUENCE'), 3, 'completare_metadate_cfp_concediu_nepersonal', 'Completare metadate concediu fara plata - tip concediu nepersonal', 2, FALSE, null, (select id from workflow where name='UAT Local - Cerere concediu'));
INSERT INTO workflowstate (id, attachmentspermission, code, name, statetype, automaticrunning, classpath, temp_workflow_id_) VALUES (nextval('HIBERNATE_SEQUENCE'), 3, 'completare_metadate_cfp_concediu_personal', 'Completare metadate concediu fara plata - tip concediu personal', 2, FALSE, null, (select id from workflow where name='UAT Local - Cerere concediu'));
INSERT INTO workflowstate (id, attachmentspermission, code, name, statetype, automaticrunning, classpath, temp_workflow_id_) VALUES (nextval('HIBERNATE_SEQUENCE'), 3, 'completare_metadate_cm_concediu_nepersonal', 'Completare metadate concediu medical - tip concediu nepersonal', 2, FALSE, null, (select id from workflow where name='UAT Local - Cerere concediu'));
INSERT INTO workflowstate (id, attachmentspermission, code, name, statetype, automaticrunning, classpath, temp_workflow_id_) VALUES (nextval('HIBERNATE_SEQUENCE'), 3, 'completare_metadate_cm_concediu_personal', 'Completare metadate concediu medical - tip concediu personal', 2, FALSE, null, (select id from workflow where name='UAT Local - Cerere concediu'));
INSERT INTO workflowstate (id, attachmentspermission, code, name, statetype, automaticrunning, classpath, temp_workflow_id_) VALUES (nextval('HIBERNATE_SEQUENCE'), 3, 'completare_metadate_co_concediu_personal', 'Completare metadate concediu odihna - tip concediu personal', 2, FALSE, null, (select id from workflow where name='UAT Local - Cerere concediu'));
INSERT INTO workflowstate (id, attachmentspermission, code, name, statetype, automaticrunning, classpath, temp_workflow_id_) VALUES (nextval('HIBERNATE_SEQUENCE'), 3, 'completare_metadate_css_concediu_nepersonal', 'Completare metadate concediu situatii speciale - tip concediu nepersonal', 2, FALSE, null, (select id from workflow where name='UAT Local - Cerere concediu'));
INSERT INTO workflowstate (id, attachmentspermission, code, name, statetype, automaticrunning, classpath, temp_workflow_id_) VALUES (nextval('HIBERNATE_SEQUENCE'), 3, 'completare_metadate_css_concediu_personal', 'Completare metadate concediu situatii speciale - tip concediu personal', 2, FALSE, null, (select id from workflow where name='UAT Local - Cerere concediu'));
INSERT INTO workflowstate (id, attachmentspermission, code, name, statetype, automaticrunning, classpath, temp_workflow_id_) VALUES (nextval('HIBERNATE_SEQUENCE'), 3, 'initiere_cerere_concediu', 'Initiere cerere concediu', 1, FALSE, null, (select id from workflow where name='UAT Local - Cerere concediu'));
INSERT INTO workflowstate (id, attachmentspermission, code, name, statetype, automaticrunning, classpath, temp_workflow_id_) VALUES (nextval('HIBERNATE_SEQUENCE'), 3, 'marcare_cerere_nepersonala_calendar_actiuni_arb', 'Marcare cerere nepersonala in Calendar actiuni ARB', 2, TRUE, 'ro.cloudSoft.cloudDoc.services.bpm.custom.InsertHolidayEventInCalendar', (select id from workflow where name='UAT Local - Cerere concediu'));
INSERT INTO workflowstate (id, attachmentspermission, code, name, statetype, automaticrunning, classpath, temp_workflow_id_) VALUES (nextval('HIBERNATE_SEQUENCE'), 3, 'marcare_cerere_personala_calendar_actiuni_arb', 'Marcare cerere personala in Calendar actiuni ARB', 2, TRUE, 'ro.cloudSoft.cloudDoc.services.bpm.custom.InsertHolidayEventInCalendar', (select id from workflow where name='UAT Local - Cerere concediu'));
INSERT INTO workflowstate (id, attachmentspermission, code, name, statetype, automaticrunning, classpath, temp_workflow_id_) VALUES (nextval('HIBERNATE_SEQUENCE'), 3, 'stabilire_functie_beneficiar_cerere_nepersonala', 'Stabilire functie beneficiar cerere nepersonala', 2, TRUE, 'ro.cloudSoft.cloudDoc.services.bpm.custom.CompleteTaskByEstablishingUserFunctionForNonPersonalApplication', (select id from workflow where name='UAT Local - Cerere concediu'));
INSERT INTO workflowstate (id, attachmentspermission, code, name, statetype, automaticrunning, classpath, temp_workflow_id_) VALUES (nextval('HIBERNATE_SEQUENCE'), 3, 'stabilire_functie_beneficiar_cerere_personala', 'Stabilire functie beneficiar cerere personala', 2, TRUE, 'ro.cloudSoft.cloudDoc.services.bpm.custom.CompleteTaskByEstablishingUserFunctionForPersonalApplication', (select id from workflow where name='UAT Local - Cerere concediu'));
INSERT INTO workflowstate (id, attachmentspermission, code, name, statetype, automaticrunning, classpath, temp_workflow_id_) VALUES (nextval('HIBERNATE_SEQUENCE'), 3, 'stabilire_tip_concediu_nepersonal', 'Stabilire tip concediu nepersonal', 2, FALSE, null, (select id from workflow where name='UAT Local - Cerere concediu'));
INSERT INTO workflowstate (id, attachmentspermission, code, name, statetype, automaticrunning, classpath, temp_workflow_id_) VALUES (nextval('HIBERNATE_SEQUENCE'), 3, 'stabilire_tip_concediu_personal', 'Stabilire tip concediu personal', 2, FALSE, null, (select id from workflow where name='UAT Local - Cerere concediu'));
INSERT INTO workflowstate (id, attachmentspermission, code, name, statetype, automaticrunning, classpath, temp_workflow_id_) VALUES (nextval('HIBERNATE_SEQUENCE'), 3, 'stabilire_tipuri_concedii_posibile', 'Stabilire tipuri concedii posibile', 2, TRUE, 'ro.cloudSoft.cloudDoc.services.bpm.custom.CompleteTaskByEstablishingUserHolidayType', (select id from workflow where name='UAT Local - Cerere concediu'));

INSERT INTO workflowtransition (id, available_4_auto_actions_only, deadlineaction, deadlineactiontype, deadlinenotifyresendinterval, deadlineperiod, name, routingcondition, routingdestinationid, routingdestinationparameter, routingtype, finalstate_id, startstate_id, workflow_id) VALUES (nextval('HIBERNATE_SEQUENCE'), FALSE, FALSE, null, null, null, 'Metadate completate - concediu fara plata - tip concediu personal', null, null, null, null, (select id from workflowstate where code='stabilire_functie_beneficiar_cerere_personala' and temp_workflow_id_=(select id from workflow where name='UAT Local - Cerere concediu')), (select id from workflowstate where code='completare_metadate_cfp_concediu_personal' and temp_workflow_id_=(select id from workflow where name='UAT Local - Cerere concediu')), (select id from workflow where name='UAT Local - Cerere concediu'));
INSERT INTO workflowtransition (id, available_4_auto_actions_only, deadlineaction, deadlineactiontype, deadlinenotifyresendinterval, deadlineperiod, name, routingcondition, routingdestinationid, routingdestinationparameter, routingtype, finalstate_id, startstate_id, workflow_id) VALUES (nextval('HIBERNATE_SEQUENCE'), FALSE, FALSE, null, null, null, 'Beneficiar cerere nepersonala diferit de PE, Director Executiv', null, null, 'beneficiar_concediu', 'PARAMETER_HIERARCHICAL_SUP', (select id from workflowstate where code='aprobare_cerere_nepersonala_superior' and temp_workflow_id_=(select id from workflow where name='UAT Local - Cerere concediu')), (select id from workflowstate where code='stabilire_functie_beneficiar_cerere_nepersonala' and temp_workflow_id_=(select id from workflow where name='UAT Local - Cerere concediu')), (select id from workflow where name='UAT Local - Cerere concediu'));
INSERT INTO workflowtransition (id, available_4_auto_actions_only, deadlineaction, deadlineactiontype, deadlinenotifyresendinterval, deadlineperiod, name, routingcondition, routingdestinationid, routingdestinationparameter, routingtype, finalstate_id, startstate_id, workflow_id) VALUES (nextval('HIBERNATE_SEQUENCE'), FALSE, FALSE, null, null, null, 'Comentariu adaugat - cerere nepersonala respinsa BOM', null, null, null, null, (select id from workflowstate where code='cerere_nepersonala_respinsa_bom' and temp_workflow_id_=(select id from workflow where name='UAT Local - Cerere concediu')), (select id from workflowstate where code='adaugare_comentariu_respingere_bom_cerere_nepersonala' and temp_workflow_id_=(select id from workflow where name='UAT Local - Cerere concediu')), (select id from workflow where name='UAT Local - Cerere concediu'));
WITH notificationRow AS (
	INSERT INTO transition_notifications (id, transition_id, email_subject_template, email_content_template) VALUES (nextval('HIBERNATE_SEQUENCE'), (select id from workflowtransition where name='Comentariu adaugat - cerere nepersonala respinsa BOM' and workflow_id=(select id from workflow where name='UAT Local - Cerere concediu')), 'Cerere concediu respinsa', 'Cererea dvs de concediu a fost respinsa de {superior_aprobator_bom_cerere_nepersonala}')
	RETURNING id
) INSERT INTO sup_of_user_mtadta_trans_notif (notification_id, metadata_name) VALUES ((select id from notificationRow), 'initiator_cerere_concediu');

INSERT INTO workflowtransition (id, available_4_auto_actions_only, deadlineaction, deadlineactiontype, deadlinenotifyresendinterval, deadlineperiod, name, routingcondition, routingdestinationid, routingdestinationparameter, routingtype, finalstate_id, startstate_id, workflow_id) VALUES (nextval('HIBERNATE_SEQUENCE'), FALSE, FALSE, null, null, null, 'Comentariu adaugat - cerere nepersonala respinsa superior', null, null, null, null, (select id from workflowstate where code='cerere_nepersonala_respinsa_superior' and temp_workflow_id_=(select id from workflow where name='UAT Local - Cerere concediu')), (select id from workflowstate where code='adaugare_comentariu_respingere_superior_cerere_nepersonala' and temp_workflow_id_=(select id from workflow where name='UAT Local - Cerere concediu')), (select id from workflow where name='UAT Local - Cerere concediu'));
WITH notificationRow AS (
	INSERT INTO transition_notifications (id, transition_id, email_subject_template, email_content_template) VALUES (nextval('HIBERNATE_SEQUENCE'), (select id from workflowtransition where name='Comentariu adaugat - cerere nepersonala respinsa superior' and workflow_id=(select id from workflow where name='UAT Local - Cerere concediu')), 'Cerere concediu respinsa', 'Cererea dvs de concediu a fost respinsa de {superior_aprobator_director_cerere_nepersonala}')
	RETURNING id
) INSERT INTO sup_of_user_mtadta_trans_notif (notification_id, metadata_name) VALUES ((select id from notificationRow), 'initiator_cerere_concediu');

INSERT INTO workflowtransition (id, available_4_auto_actions_only, deadlineaction, deadlineactiontype, deadlinenotifyresendinterval, deadlineperiod, name, routingcondition, routingdestinationid, routingdestinationparameter, routingtype, finalstate_id, startstate_id, workflow_id) VALUES (nextval('HIBERNATE_SEQUENCE'), FALSE, FALSE, null, null, null, 'Metadate completate - concediu situatii speciale - tip concediu nepersonal', null, null, null, null, (select id from workflowstate where code='stabilire_functie_beneficiar_cerere_nepersonala' and temp_workflow_id_=(select id from workflow where name='UAT Local - Cerere concediu')), (select id from workflowstate where code='completare_metadate_css_concediu_nepersonal' and temp_workflow_id_=(select id from workflow where name='UAT Local - Cerere concediu')), (select id from workflow where name='UAT Local - Cerere concediu'));
INSERT INTO workflowtransition (id, available_4_auto_actions_only, deadlineaction, deadlineactiontype, deadlinenotifyresendinterval, deadlineperiod, name, routingcondition, routingdestinationid, routingdestinationparameter, routingtype, finalstate_id, startstate_id, workflow_id) VALUES (nextval('HIBERNATE_SEQUENCE'), FALSE, FALSE, null, null, null, 'Comentariu adaugat - cerere personala respinsa PE, beneficiar diferit Director Executiv', null, null, null, null, (select id from workflowstate where code='cerere_personala_respinsa_pe_beneficiar_diferit_dir_exec' and temp_workflow_id_=(select id from workflow where name='UAT Local - Cerere concediu')), (select id from workflowstate where code='adaugare_comentariu_respingere_pe_cerere_personala_beneficiar_diferit_dir' and temp_workflow_id_=(select id from workflow where name='UAT Local - Cerere concediu')), (select id from workflow where name='UAT Local - Cerere concediu'));
WITH notificationRow AS (
	INSERT INTO transition_notifications (id, transition_id, email_subject_template, email_content_template) VALUES (nextval('HIBERNATE_SEQUENCE'), (select id from workflowtransition where name='Comentariu adaugat - cerere personala respinsa PE, beneficiar diferit Director Executiv' and workflow_id=(select id from workflow where name='UAT Local - Cerere concediu')), 'Cerere concediu respinsa', 'Cererea dvs de concediu a fost respinsa de {presedinte_aprobator_cerere_personala}')
	RETURNING id
) INSERT INTO sup_of_user_mtadta_trans_notif (notification_id, metadata_name) VALUES ((select id from notificationRow), 'initiator_cerere_concediu');
WITH notificationRow AS (
	INSERT INTO transition_notifications (id, transition_id, email_subject_template, email_content_template) VALUES (nextval('HIBERNATE_SEQUENCE'), (select id from workflowtransition where name='Comentariu adaugat - cerere personala respinsa PE, beneficiar diferit Director Executiv' and workflow_id=(select id from workflow where name='UAT Local - Cerere concediu')), 'Cerere concediu respinsa', 'Cererea dvs de concediu a fost respinsa de  {presedinte_aprobator_cerere_personala}')
	RETURNING id
) INSERT INTO sup_of_user_mtadta_trans_notif (notification_id, metadata_name) VALUES ((select id from notificationRow), 'superior_aprobator_director_cerere_personala');

INSERT INTO workflowtransition (id, available_4_auto_actions_only, deadlineaction, deadlineactiontype, deadlinenotifyresendinterval, deadlineperiod, name, routingcondition, routingdestinationid, routingdestinationparameter, routingtype, finalstate_id, startstate_id, workflow_id) VALUES (nextval('HIBERNATE_SEQUENCE'), FALSE, FALSE, null, null, null, 'Cerere nepersonala respinsa BOM', '{aprobare_bom} =~ ''.*#respins#.*''', null, 'superior_aprobator_bom_cerere_nepersonala', 'PARAMETER', (select id from workflowstate where code='adaugare_comentariu_respingere_bom_cerere_nepersonala' and temp_workflow_id_=(select id from workflow where name='UAT Local - Cerere concediu')), (select id from workflowstate where code='aprobare_bom_cerere_nepersonala' and temp_workflow_id_=(select id from workflow where name='UAT Local - Cerere concediu')), (select id from workflow where name='UAT Local - Cerere concediu'));
INSERT INTO workflowtransition (id, available_4_auto_actions_only, deadlineaction, deadlineactiontype, deadlinenotifyresendinterval, deadlineperiod, name, routingcondition, routingdestinationid, routingdestinationparameter, routingtype, finalstate_id, startstate_id, workflow_id) VALUES (nextval('HIBERNATE_SEQUENCE'), FALSE, FALSE, null, null, null, 'Cerere nepersonala aprobata BOM', '{aprobare_bom} =~ ''.*#aprobat#.*''', null, null, null, (select id from workflowstate where code='marcare_cerere_nepersonala_calendar_actiuni_arb' and temp_workflow_id_=(select id from workflow where name='UAT Local - Cerere concediu')), (select id from workflowstate where code='aprobare_bom_cerere_nepersonala' and temp_workflow_id_=(select id from workflow where name='UAT Local - Cerere concediu')), (select id from workflow where name='UAT Local - Cerere concediu'));
INSERT INTO workflowtransition (id, available_4_auto_actions_only, deadlineaction, deadlineactiontype, deadlinenotifyresendinterval, deadlineperiod, name, routingcondition, routingdestinationid, routingdestinationparameter, routingtype, finalstate_id, startstate_id, workflow_id) VALUES (nextval('HIBERNATE_SEQUENCE'), FALSE, FALSE, null, null, null, 'Cerere personala marcata in Calendar actiuni ARB', null, null, null, 'INITIATOR', (select id from workflowstate where code='actualizare_zile_concediu_cerere_personala' and temp_workflow_id_=(select id from workflow where name='UAT Local - Cerere concediu')), (select id from workflowstate where code='marcare_cerere_personala_calendar_actiuni_arb' and temp_workflow_id_=(select id from workflow where name='UAT Local - Cerere concediu')), (select id from workflow where name='UAT Local - Cerere concediu'));
INSERT INTO workflowtransition (id, available_4_auto_actions_only, deadlineaction, deadlineactiontype, deadlinenotifyresendinterval, deadlineperiod, name, routingcondition, routingdestinationid, routingdestinationparameter, routingtype, finalstate_id, startstate_id, workflow_id) VALUES (nextval('HIBERNATE_SEQUENCE'), FALSE, FALSE, null, null, null, 'Concediu medical - tip concediu nepersonal', '{tip_concediu_nepersonal} =~ ''.*#concediu_medical#.*''', null, 'initiator_cerere_concediu', 'PARAMETER', (select id from workflowstate where code='completare_metadate_cm_concediu_nepersonal' and temp_workflow_id_=(select id from workflow where name='UAT Local - Cerere concediu')), (select id from workflowstate where code='stabilire_tip_concediu_nepersonal' and temp_workflow_id_=(select id from workflow where name='UAT Local - Cerere concediu')), (select id from workflow where name='UAT Local - Cerere concediu'));
INSERT INTO workflowtransition (id, available_4_auto_actions_only, deadlineaction, deadlineactiontype, deadlinenotifyresendinterval, deadlineperiod, name, routingcondition, routingdestinationid, routingdestinationparameter, routingtype, finalstate_id, startstate_id, workflow_id) VALUES (nextval('HIBERNATE_SEQUENCE'), FALSE, FALSE, null, null, null, 'Comentariu adaugat - cerere personala respinsa PE, beneficiar Director Executiv', null, null, null, null, (select id from workflowstate where code='cerere_personala_respinsa_pe_beneficiar_dir_exec' and temp_workflow_id_=(select id from workflow where name='UAT Local - Cerere concediu')), (select id from workflowstate where code='adaugare_comentariu_respingere_pe_cerere_personala_beneficiar_dir' and temp_workflow_id_=(select id from workflow where name='UAT Local - Cerere concediu')), (select id from workflow where name='UAT Local - Cerere concediu'));
WITH notificationRow AS (
	INSERT INTO transition_notifications (id, transition_id, email_subject_template, email_content_template) VALUES (nextval('HIBERNATE_SEQUENCE'), (select id from workflowtransition where name='Comentariu adaugat - cerere personala respinsa PE, beneficiar Director Executiv' and workflow_id=(select id from workflow where name='UAT Local - Cerere concediu')), 'Cerere concediu respinsa', 'Cererea dvs de concediu a fost respinsa de {presedinte_aprobator_cerere_personala}')
	RETURNING id
) INSERT INTO sup_of_user_mtadta_trans_notif (notification_id, metadata_name) VALUES ((select id from notificationRow), 'initiator_cerere_concediu');
WITH notificationRow AS (
	INSERT INTO transition_notifications (id, transition_id, email_subject_template, email_content_template) VALUES (nextval('HIBERNATE_SEQUENCE'), (select id from workflowtransition where name='Comentariu adaugat - cerere personala respinsa PE, beneficiar Director Executiv' and workflow_id=(select id from workflow where name='UAT Local - Cerere concediu')), 'Cerere concediu respinsa', 'Cererea dvs de concediu a fost respinsa de 
 {presedinte_aprobator_cerere_personala}')
	RETURNING id
) INSERT INTO sup_of_user_mtadta_trans_notif (notification_id, metadata_name) VALUES ((select id from notificationRow), 'superior_aprobator_director_cerere_personala');

INSERT INTO workflowtransition (id, available_4_auto_actions_only, deadlineaction, deadlineactiontype, deadlinenotifyresendinterval, deadlineperiod, name, routingcondition, routingdestinationid, routingdestinationparameter, routingtype, finalstate_id, startstate_id, workflow_id) VALUES (nextval('HIBERNATE_SEQUENCE'), FALSE, FALSE, null, null, null, 'Concediu medical - tip concediu personal', '{tip_concediu_personal} =~ ''.*#concediu_medical#.*''', null, 'initiator_cerere_concediu', 'PARAMETER', (select id from workflowstate where code='completare_metadate_cm_concediu_personal' and temp_workflow_id_=(select id from workflow where name='UAT Local - Cerere concediu')), (select id from workflowstate where code='stabilire_tip_concediu_personal' and temp_workflow_id_=(select id from workflow where name='UAT Local - Cerere concediu')), (select id from workflow where name='UAT Local - Cerere concediu'));
INSERT INTO workflowtransition (id, available_4_auto_actions_only, deadlineaction, deadlineactiontype, deadlinenotifyresendinterval, deadlineperiod, name, routingcondition, routingdestinationid, routingdestinationparameter, routingtype, finalstate_id, startstate_id, workflow_id) VALUES (nextval('HIBERNATE_SEQUENCE'), FALSE, FALSE, null, null, null, 'Cerere nepersonala respinsa PE, beneficiar diferit Director Executiv', '({aprobare_pe_bom} =~ ''.*#respins#.*'')&& ({functie_beneficiar} != ''Director Executiv'' )', null, 'presedinte_aprobator_cerere_nepersonala', 'PARAMETER', (select id from workflowstate where code='adaugare_comentariu_respingere_pe_cerere_nepersonala_beneficiar_diferit_dir' and temp_workflow_id_=(select id from workflow where name='UAT Local - Cerere concediu')), (select id from workflowstate where code='aprobare_cerere_nepersonala_pe' and temp_workflow_id_=(select id from workflow where name='UAT Local - Cerere concediu')), (select id from workflow where name='UAT Local - Cerere concediu'));
INSERT INTO workflowtransition (id, available_4_auto_actions_only, deadlineaction, deadlineactiontype, deadlinenotifyresendinterval, deadlineperiod, name, routingcondition, routingdestinationid, routingdestinationparameter, routingtype, finalstate_id, startstate_id, workflow_id) VALUES (nextval('HIBERNATE_SEQUENCE'), FALSE, FALSE, null, null, null, 'Cerere nepersonala aprobata superior', '{aprobare_superior} =~ ''.*#aprobat#.*''', (select ORG_ENTITY_ID from edocgroup where name='PE BOM'), null, 'GROUP', (select id from workflowstate where code='aprobare_cerere_nepersonala_pe' and temp_workflow_id_=(select id from workflow where name='UAT Local - Cerere concediu')), (select id from workflowstate where code='aprobare_cerere_nepersonala_superior' and temp_workflow_id_=(select id from workflow where name='UAT Local - Cerere concediu')), (select id from workflow where name='UAT Local - Cerere concediu'));
INSERT INTO workflowtransition (id, available_4_auto_actions_only, deadlineaction, deadlineactiontype, deadlinenotifyresendinterval, deadlineperiod, name, routingcondition, routingdestinationid, routingdestinationparameter, routingtype, finalstate_id, startstate_id, workflow_id) VALUES (nextval('HIBERNATE_SEQUENCE'), FALSE, FALSE, null, null, null, 'Concediu personal', null, null, 'initiator_cerere_concediu', 'PARAMETER', (select id from workflowstate where code='stabilire_tip_concediu_personal' and temp_workflow_id_=(select id from workflow where name='UAT Local - Cerere concediu')), (select id from workflowstate where code='stabilire_tipuri_concedii_posibile' and temp_workflow_id_=(select id from workflow where name='UAT Local - Cerere concediu')), (select id from workflow where name='UAT Local - Cerere concediu'));
INSERT INTO workflowtransition (id, available_4_auto_actions_only, deadlineaction, deadlineactiontype, deadlinenotifyresendinterval, deadlineperiod, name, routingcondition, routingdestinationid, routingdestinationparameter, routingtype, finalstate_id, startstate_id, workflow_id) VALUES (nextval('HIBERNATE_SEQUENCE'), FALSE, FALSE, null, null, null, 'Comentariu, atasament adaugat - cerere nepersonala', null, null, null, null, (select id from workflowstate where code='cerere_nepersonala_aprobata' and temp_workflow_id_=(select id from workflow where name='UAT Local - Cerere concediu')), (select id from workflowstate where code='adaugare_comentariu_atasament_initiator_cerere_nepersonala' and temp_workflow_id_=(select id from workflow where name='UAT Local - Cerere concediu')), (select id from workflow where name='UAT Local - Cerere concediu'));
INSERT INTO workflowtransition (id, available_4_auto_actions_only, deadlineaction, deadlineactiontype, deadlinenotifyresendinterval, deadlineperiod, name, routingcondition, routingdestinationid, routingdestinationparameter, routingtype, finalstate_id, startstate_id, workflow_id) VALUES (nextval('HIBERNATE_SEQUENCE'), FALSE, FALSE, null, null, null, 'Zile concediu actualizate - cerere nepersonala', null, (select ORG_ENTITY_ID from edocgroup where name='UAT Local - Admin'), null, 'GROUP', (select id from workflowstate where code='adaugare_profil_de_inlocuire_cerere_nepersonala' and temp_workflow_id_=(select id from workflow where name='UAT Local - Cerere concediu')), (select id from workflowstate where code='actualizare_zile_concediu_cerere_nepersonala' and temp_workflow_id_=(select id from workflow where name='UAT Local - Cerere concediu')), (select id from workflow where name='UAT Local - Cerere concediu'));
INSERT INTO workflowtransition (id, available_4_auto_actions_only, deadlineaction, deadlineactiontype, deadlinenotifyresendinterval, deadlineperiod, name, routingcondition, routingdestinationid, routingdestinationparameter, routingtype, finalstate_id, startstate_id, workflow_id) VALUES (nextval('HIBERNATE_SEQUENCE'), FALSE, FALSE, null, null, null, 'Cerere personala respinsa BOM', '{aprobare_bom} =~ ''.*#respins#.*''', null, 'superior_aprobator_bom_cerere_personala', 'PARAMETER', (select id from workflowstate where code='adaugare_comentariu_respingere_bom_cerere_personala' and temp_workflow_id_=(select id from workflow where name='UAT Local - Cerere concediu')), (select id from workflowstate where code='aprobare_bom_cerere_personala' and temp_workflow_id_=(select id from workflow where name='UAT Local - Cerere concediu')), (select id from workflow where name='UAT Local - Cerere concediu'));
INSERT INTO workflowtransition (id, available_4_auto_actions_only, deadlineaction, deadlineactiontype, deadlinenotifyresendinterval, deadlineperiod, name, routingcondition, routingdestinationid, routingdestinationparameter, routingtype, finalstate_id, startstate_id, workflow_id) VALUES (nextval('HIBERNATE_SEQUENCE'), FALSE, FALSE, null, null, null, 'Cerere nepersonala aprobata PE', '{aprobare_pe_bom} =~ ''.*#aprobat#.*''', null, null, null, (select id from workflowstate where code='marcare_cerere_nepersonala_calendar_actiuni_arb' and temp_workflow_id_=(select id from workflow where name='UAT Local - Cerere concediu')), (select id from workflowstate where code='aprobare_cerere_nepersonala_pe' and temp_workflow_id_=(select id from workflow where name='UAT Local - Cerere concediu')), (select id from workflow where name='UAT Local - Cerere concediu'));
INSERT INTO workflowtransition (id, available_4_auto_actions_only, deadlineaction, deadlineactiontype, deadlinenotifyresendinterval, deadlineperiod, name, routingcondition, routingdestinationid, routingdestinationparameter, routingtype, finalstate_id, startstate_id, workflow_id) VALUES (nextval('HIBERNATE_SEQUENCE'), FALSE, FALSE, null, null, null, 'Beneficiar cerere personala diferit de PE, Director Executiv', null, null, 'beneficiar_concediu', 'PARAMETER_HIERARCHICAL_SUP', (select id from workflowstate where code='aprobare_cerere_personala_superior' and temp_workflow_id_=(select id from workflow where name='UAT Local - Cerere concediu')), (select id from workflowstate where code='stabilire_functie_beneficiar_cerere_personala' and temp_workflow_id_=(select id from workflow where name='UAT Local - Cerere concediu')), (select id from workflow where name='UAT Local - Cerere concediu'));
INSERT INTO workflowtransition (id, available_4_auto_actions_only, deadlineaction, deadlineactiontype, deadlinenotifyresendinterval, deadlineperiod, name, routingcondition, routingdestinationid, routingdestinationparameter, routingtype, finalstate_id, startstate_id, workflow_id) VALUES (nextval('HIBERNATE_SEQUENCE'), FALSE, FALSE, null, null, null, 'Cerere personala aprobata superior', '{aprobare_superior} =~ ''.*#aprobat#.*''', (select ORG_ENTITY_ID from edocgroup where name='PE BOM'), null, 'GROUP', (select id from workflowstate where code='aprobare_cerere_personala_pe' and temp_workflow_id_=(select id from workflow where name='UAT Local - Cerere concediu')), (select id from workflowstate where code='aprobare_cerere_personala_superior' and temp_workflow_id_=(select id from workflow where name='UAT Local - Cerere concediu')), (select id from workflow where name='UAT Local - Cerere concediu'));
INSERT INTO workflowtransition (id, available_4_auto_actions_only, deadlineaction, deadlineactiontype, deadlinenotifyresendinterval, deadlineperiod, name, routingcondition, routingdestinationid, routingdestinationparameter, routingtype, finalstate_id, startstate_id, workflow_id) VALUES (nextval('HIBERNATE_SEQUENCE'), FALSE, FALSE, null, null, null, 'Metadate completate - concediu medical - tip concediu personal', null, null, null, null, (select id from workflowstate where code='stabilire_functie_beneficiar_cerere_personala' and temp_workflow_id_=(select id from workflow where name='UAT Local - Cerere concediu')), (select id from workflowstate where code='completare_metadate_cm_concediu_personal' and temp_workflow_id_=(select id from workflow where name='UAT Local - Cerere concediu')), (select id from workflow where name='UAT Local - Cerere concediu'));
INSERT INTO workflowtransition (id, available_4_auto_actions_only, deadlineaction, deadlineactiontype, deadlinenotifyresendinterval, deadlineperiod, name, routingcondition, routingdestinationid, routingdestinationparameter, routingtype, finalstate_id, startstate_id, workflow_id) VALUES (nextval('HIBERNATE_SEQUENCE'), FALSE, FALSE, null, null, null, 'Zile concediu actualizate - cerere personala', null, (select ORG_ENTITY_ID from edocgroup where name='UAT Local - Admin'), null, 'GROUP', (select id from workflowstate where code='adaugare_profil_de_inlocuire_cerere_personala' and temp_workflow_id_=(select id from workflow where name='UAT Local - Cerere concediu')), (select id from workflowstate where code='actualizare_zile_concediu_cerere_personala' and temp_workflow_id_=(select id from workflow where name='UAT Local - Cerere concediu')), (select id from workflow where name='UAT Local - Cerere concediu'));
INSERT INTO workflowtransition (id, available_4_auto_actions_only, deadlineaction, deadlineactiontype, deadlinenotifyresendinterval, deadlineperiod, name, routingcondition, routingdestinationid, routingdestinationparameter, routingtype, finalstate_id, startstate_id, workflow_id) VALUES (nextval('HIBERNATE_SEQUENCE'), FALSE, FALSE, null, null, null, 'Beneficiar cerere personala Director Executiv', null, (select ORG_ENTITY_ID from edocgroup where name='PE BOM'), null, 'GROUP', (select id from workflowstate where code='aprobare_cerere_personala_pe' and temp_workflow_id_=(select id from workflow where name='UAT Local - Cerere concediu')), (select id from workflowstate where code='stabilire_functie_beneficiar_cerere_personala' and temp_workflow_id_=(select id from workflow where name='UAT Local - Cerere concediu')), (select id from workflow where name='UAT Local - Cerere concediu'));
INSERT INTO workflowtransition (id, available_4_auto_actions_only, deadlineaction, deadlineactiontype, deadlinenotifyresendinterval, deadlineperiod, name, routingcondition, routingdestinationid, routingdestinationparameter, routingtype, finalstate_id, startstate_id, workflow_id) VALUES (nextval('HIBERNATE_SEQUENCE'), FALSE, FALSE, null, null, null, 'Comentariu adaugat - cerere personala respinsa BOM', null, null, null, null, (select id from workflowstate where code='cerere_personala_respinsa_bom' and temp_workflow_id_=(select id from workflow where name='UAT Local - Cerere concediu')), (select id from workflowstate where code='adaugare_comentariu_respingere_bom_cerere_personala' and temp_workflow_id_=(select id from workflow where name='UAT Local - Cerere concediu')), (select id from workflow where name='UAT Local - Cerere concediu'));
WITH notificationRow AS (
	INSERT INTO transition_notifications (id, transition_id, email_subject_template, email_content_template) VALUES (nextval('HIBERNATE_SEQUENCE'), (select id from workflowtransition where name='Comentariu adaugat - cerere personala respinsa BOM' and workflow_id=(select id from workflow where name='UAT Local - Cerere concediu')), 'Cerere concediu respinsa', 'Cererea dvs de concediu a fost respinsa de {superior_aprobator_bom_cerere_personala}')
	RETURNING id
) INSERT INTO sup_of_user_mtadta_trans_notif (notification_id, metadata_name) VALUES ((select id from notificationRow), 'initiator_cerere_concediu');

INSERT INTO workflowtransition (id, available_4_auto_actions_only, deadlineaction, deadlineactiontype, deadlinenotifyresendinterval, deadlineperiod, name, routingcondition, routingdestinationid, routingdestinationparameter, routingtype, finalstate_id, startstate_id, workflow_id) VALUES (nextval('HIBERNATE_SEQUENCE'), FALSE, FALSE, null, null, null, 'Concediu situatii speciale - tip concediu nepersonal', '{tip_concediu_nepersonal} =~ ''.*#concediu_situatii_speciale#.*''', null, 'initiator_cerere_concediu', 'PARAMETER', (select id from workflowstate where code='completare_metadate_css_concediu_nepersonal' and temp_workflow_id_=(select id from workflow where name='UAT Local - Cerere concediu')), (select id from workflowstate where code='stabilire_tip_concediu_nepersonal' and temp_workflow_id_=(select id from workflow where name='UAT Local - Cerere concediu')), (select id from workflow where name='UAT Local - Cerere concediu'));
INSERT INTO workflowtransition (id, available_4_auto_actions_only, deadlineaction, deadlineactiontype, deadlinenotifyresendinterval, deadlineperiod, name, routingcondition, routingdestinationid, routingdestinationparameter, routingtype, finalstate_id, startstate_id, workflow_id) VALUES (nextval('HIBERNATE_SEQUENCE'), FALSE, FALSE, null, null, null, 'Concediu fara plata - tip concediu personal', '{tip_concediu_personal} =~ ''.*#concediu_fara_plata#.*''', null, 'initiator_cerere_concediu', 'PARAMETER', (select id from workflowstate where code='completare_metadate_cfp_concediu_personal' and temp_workflow_id_=(select id from workflow where name='UAT Local - Cerere concediu')), (select id from workflowstate where code='stabilire_tip_concediu_personal' and temp_workflow_id_=(select id from workflow where name='UAT Local - Cerere concediu')), (select id from workflow where name='UAT Local - Cerere concediu'));
INSERT INTO workflowtransition (id, available_4_auto_actions_only, deadlineaction, deadlineactiontype, deadlinenotifyresendinterval, deadlineperiod, name, routingcondition, routingdestinationid, routingdestinationparameter, routingtype, finalstate_id, startstate_id, workflow_id) VALUES (nextval('HIBERNATE_SEQUENCE'), FALSE, FALSE, null, null, null, 'Comentariu, atasament adaugat - cerere personala', null, null, null, null, (select id from workflowstate where code='cerere_personala_aprobata' and temp_workflow_id_=(select id from workflow where name='UAT Local - Cerere concediu')), (select id from workflowstate where code='adaugare_comentariu_atasament_initiator_cerere_personala' and temp_workflow_id_=(select id from workflow where name='UAT Local - Cerere concediu')), (select id from workflow where name='UAT Local - Cerere concediu'));
INSERT INTO workflowtransition (id, available_4_auto_actions_only, deadlineaction, deadlineactiontype, deadlinenotifyresendinterval, deadlineperiod, name, routingcondition, routingdestinationid, routingdestinationparameter, routingtype, finalstate_id, startstate_id, workflow_id) VALUES (nextval('HIBERNATE_SEQUENCE'), FALSE, FALSE, null, null, null, 'Metadate completate - concediu situatii speciale - tip concediu personal', null, null, null, null, (select id from workflowstate where code='stabilire_functie_beneficiar_cerere_personala' and temp_workflow_id_=(select id from workflow where name='UAT Local - Cerere concediu')), (select id from workflowstate where code='completare_metadate_css_concediu_personal' and temp_workflow_id_=(select id from workflow where name='UAT Local - Cerere concediu')), (select id from workflow where name='UAT Local - Cerere concediu'));
INSERT INTO workflowtransition (id, available_4_auto_actions_only, deadlineaction, deadlineactiontype, deadlinenotifyresendinterval, deadlineperiod, name, routingcondition, routingdestinationid, routingdestinationparameter, routingtype, finalstate_id, startstate_id, workflow_id) VALUES (nextval('HIBERNATE_SEQUENCE'), FALSE, FALSE, null, null, null, 'Cerere personala respinsa PE, beneficiar Director Executiv', '({aprobare_pe_bom} =~ ''.*#respins#.*'')&& ({functie_beneficiar} == ''Director Executiv'' )', null, 'presedinte_aprobator_cerere_personala', 'PARAMETER', (select id from workflowstate where code='adaugare_comentariu_respingere_pe_cerere_personala_beneficiar_dir' and temp_workflow_id_=(select id from workflow where name='UAT Local - Cerere concediu')), (select id from workflowstate where code='aprobare_cerere_personala_pe' and temp_workflow_id_=(select id from workflow where name='UAT Local - Cerere concediu')), (select id from workflow where name='UAT Local - Cerere concediu'));
INSERT INTO workflowtransition (id, available_4_auto_actions_only, deadlineaction, deadlineactiontype, deadlinenotifyresendinterval, deadlineperiod, name, routingcondition, routingdestinationid, routingdestinationparameter, routingtype, finalstate_id, startstate_id, workflow_id) VALUES (nextval('HIBERNATE_SEQUENCE'), FALSE, FALSE, null, null, null, 'Profil de inlocuire adaugat - cerere personala', null, null, 'initiator_cerere_concediu', 'PARAMETER', (select id from workflowstate where code='adaugare_comentariu_atasament_initiator_cerere_personala' and temp_workflow_id_=(select id from workflow where name='UAT Local - Cerere concediu')), (select id from workflowstate where code='adaugare_profil_de_inlocuire_cerere_personala' and temp_workflow_id_=(select id from workflow where name='UAT Local - Cerere concediu')), (select id from workflow where name='UAT Local - Cerere concediu'));
INSERT INTO workflowtransition (id, available_4_auto_actions_only, deadlineaction, deadlineactiontype, deadlinenotifyresendinterval, deadlineperiod, name, routingcondition, routingdestinationid, routingdestinationparameter, routingtype, finalstate_id, startstate_id, workflow_id) VALUES (nextval('HIBERNATE_SEQUENCE'), FALSE, FALSE, null, null, null, 'Cerere nepersonala marcata in Calendar actiuni ARB', null, null, null, 'INITIATOR', (select id from workflowstate where code='actualizare_zile_concediu_cerere_nepersonala' and temp_workflow_id_=(select id from workflow where name='UAT Local - Cerere concediu')), (select id from workflowstate where code='marcare_cerere_nepersonala_calendar_actiuni_arb' and temp_workflow_id_=(select id from workflow where name='UAT Local - Cerere concediu')), (select id from workflow where name='UAT Local - Cerere concediu'));
INSERT INTO workflowtransition (id, available_4_auto_actions_only, deadlineaction, deadlineactiontype, deadlinenotifyresendinterval, deadlineperiod, name, routingcondition, routingdestinationid, routingdestinationparameter, routingtype, finalstate_id, startstate_id, workflow_id) VALUES (nextval('HIBERNATE_SEQUENCE'), FALSE, FALSE, null, null, null, 'Comentariu adaugat - cerere nepersonala respinsa PE, beneficiar Director Executiv', null, null, null, null, (select id from workflowstate where code='cerere_nepersonala_respinsa_pe_beneficiar_dir_exec' and temp_workflow_id_=(select id from workflow where name='UAT Local - Cerere concediu')), (select id from workflowstate where code='adaugare_comentariu_respingere_pe_cerere_nepersonala_beneficiar_dir' and temp_workflow_id_=(select id from workflow where name='UAT Local - Cerere concediu')), (select id from workflow where name='UAT Local - Cerere concediu'));
WITH notificationRow AS (
	INSERT INTO transition_notifications (id, transition_id, email_subject_template, email_content_template) VALUES (nextval('HIBERNATE_SEQUENCE'), (select id from workflowtransition where name='Comentariu adaugat - cerere nepersonala respinsa PE, beneficiar Director Executiv' and workflow_id=(select id from workflow where name='UAT Local - Cerere concediu')), 'Cerere concediu respinsa', 'Cererea dvs de concediu a fost respinsa de {presedinte_aprobator_cerere_nepersonala}')
	RETURNING id
) INSERT INTO sup_of_user_mtadta_trans_notif (notification_id, metadata_name) VALUES ((select id from notificationRow), 'presedinte_aprobator_cerere_nepersonala');
WITH notificationRow AS (
	INSERT INTO transition_notifications (id, transition_id, email_subject_template, email_content_template) VALUES (nextval('HIBERNATE_SEQUENCE'), (select id from workflowtransition where name='Comentariu adaugat - cerere nepersonala respinsa PE, beneficiar Director Executiv' and workflow_id=(select id from workflow where name='UAT Local - Cerere concediu')), 'Cerere concediu respinsa', 'Cererea dvs de concediu a fost respinsa de {presedinte_aprobator_cerere_nepersonala}')
	RETURNING id
) INSERT INTO sup_of_user_mtadta_trans_notif (notification_id, metadata_name) VALUES ((select id from notificationRow), 'initiator_cerere_concediu');

INSERT INTO workflowtransition (id, available_4_auto_actions_only, deadlineaction, deadlineactiontype, deadlinenotifyresendinterval, deadlineperiod, name, routingcondition, routingdestinationid, routingdestinationparameter, routingtype, finalstate_id, startstate_id, workflow_id) VALUES (nextval('HIBERNATE_SEQUENCE'), FALSE, FALSE, null, null, null, 'Comentariu adaugat - cerere nepersonala respinsa PE, beneficiar diferit Director Executiv', null, null, null, null, (select id from workflowstate where code='cerere_nepersonala_respinsa_pe_beneficiar_diferit_dir_exec' and temp_workflow_id_=(select id from workflow where name='UAT Local - Cerere concediu')), (select id from workflowstate where code='adaugare_comentariu_respingere_pe_cerere_nepersonala_beneficiar_diferit_dir' and temp_workflow_id_=(select id from workflow where name='UAT Local - Cerere concediu')), (select id from workflow where name='UAT Local - Cerere concediu'));
WITH notificationRow AS (
	INSERT INTO transition_notifications (id, transition_id, email_subject_template, email_content_template) VALUES (nextval('HIBERNATE_SEQUENCE'), (select id from workflowtransition where name='Comentariu adaugat - cerere nepersonala respinsa PE, beneficiar diferit Director Executiv' and workflow_id=(select id from workflow where name='UAT Local - Cerere concediu')), 'Cerere concediu respinsa', 'Cererea dvs de concediu a fost respinsa de  {presedinte_aprobator_cerere_nepersonala}')
	RETURNING id
) INSERT INTO sup_of_user_mtadta_trans_notif (notification_id, metadata_name) VALUES ((select id from notificationRow), 'superior_aprobator_director_cerere_nepersonala');
WITH notificationRow AS (
	INSERT INTO transition_notifications (id, transition_id, email_subject_template, email_content_template) VALUES (nextval('HIBERNATE_SEQUENCE'), (select id from workflowtransition where name='Comentariu adaugat - cerere nepersonala respinsa PE, beneficiar diferit Director Executiv' and workflow_id=(select id from workflow where name='UAT Local - Cerere concediu')), 'Cerere concediu respinsa', 'Cererea dvs de concediu a fost respinsa de {presedinte_aprobator_cerere_nepersonala}')
	RETURNING id
) INSERT INTO sup_of_user_mtadta_trans_notif (notification_id, metadata_name) VALUES ((select id from notificationRow), 'initiator_cerere_concediu');

INSERT INTO workflowtransition (id, available_4_auto_actions_only, deadlineaction, deadlineactiontype, deadlinenotifyresendinterval, deadlineperiod, name, routingcondition, routingdestinationid, routingdestinationparameter, routingtype, finalstate_id, startstate_id, workflow_id) VALUES (nextval('HIBERNATE_SEQUENCE'), FALSE, FALSE, null, null, null, 'Beneficiar cerere nepersonala Director Executiv', null, (select ORG_ENTITY_ID from edocgroup where name='PE BOM'), null, 'GROUP', (select id from workflowstate where code='aprobare_cerere_nepersonala_pe' and temp_workflow_id_=(select id from workflow where name='UAT Local - Cerere concediu')), (select id from workflowstate where code='stabilire_functie_beneficiar_cerere_nepersonala' and temp_workflow_id_=(select id from workflow where name='UAT Local - Cerere concediu')), (select id from workflow where name='UAT Local - Cerere concediu'));
INSERT INTO workflowtransition (id, available_4_auto_actions_only, deadlineaction, deadlineactiontype, deadlinenotifyresendinterval, deadlineperiod, name, routingcondition, routingdestinationid, routingdestinationparameter, routingtype, finalstate_id, startstate_id, workflow_id) VALUES (nextval('HIBERNATE_SEQUENCE'), FALSE, FALSE, null, null, null, 'Cerere personala aprobata BOM', '{aprobare_bom} =~ ''.*#aprobat#.*''', null, null, null, (select id from workflowstate where code='marcare_cerere_personala_calendar_actiuni_arb' and temp_workflow_id_=(select id from workflow where name='UAT Local - Cerere concediu')), (select id from workflowstate where code='aprobare_bom_cerere_personala' and temp_workflow_id_=(select id from workflow where name='UAT Local - Cerere concediu')), (select id from workflow where name='UAT Local - Cerere concediu'));
INSERT INTO workflowtransition (id, available_4_auto_actions_only, deadlineaction, deadlineactiontype, deadlinenotifyresendinterval, deadlineperiod, name, routingcondition, routingdestinationid, routingdestinationparameter, routingtype, finalstate_id, startstate_id, workflow_id) VALUES (nextval('HIBERNATE_SEQUENCE'), FALSE, FALSE, null, null, null, 'Metadate completate - concediu medical - tip concediu nepersonal', null, null, null, null, (select id from workflowstate where code='stabilire_functie_beneficiar_cerere_nepersonala' and temp_workflow_id_=(select id from workflow where name='UAT Local - Cerere concediu')), (select id from workflowstate where code='completare_metadate_cm_concediu_nepersonal' and temp_workflow_id_=(select id from workflow where name='UAT Local - Cerere concediu')), (select id from workflow where name='UAT Local - Cerere concediu'));
INSERT INTO workflowtransition (id, available_4_auto_actions_only, deadlineaction, deadlineactiontype, deadlinenotifyresendinterval, deadlineperiod, name, routingcondition, routingdestinationid, routingdestinationparameter, routingtype, finalstate_id, startstate_id, workflow_id) VALUES (nextval('HIBERNATE_SEQUENCE'), FALSE, FALSE, null, null, null, 'Profil de inlocuire adaugat - cerere nepersonala', null, null, 'initiator_cerere_concediu', 'PARAMETER', (select id from workflowstate where code='adaugare_comentariu_atasament_initiator_cerere_nepersonala' and temp_workflow_id_=(select id from workflow where name='UAT Local - Cerere concediu')), (select id from workflowstate where code='adaugare_profil_de_inlocuire_cerere_nepersonala' and temp_workflow_id_=(select id from workflow where name='UAT Local - Cerere concediu')), (select id from workflow where name='UAT Local - Cerere concediu'));
INSERT INTO workflowtransition (id, available_4_auto_actions_only, deadlineaction, deadlineactiontype, deadlinenotifyresendinterval, deadlineperiod, name, routingcondition, routingdestinationid, routingdestinationparameter, routingtype, finalstate_id, startstate_id, workflow_id) VALUES (nextval('HIBERNATE_SEQUENCE'), FALSE, FALSE, null, null, null, 'Concediu de odihna - tip concediu personal', '{tip_concediu_personal} =~ ''.*#concediu_odihna#.*''', null, 'initiator_cerere_concediu', 'PARAMETER', (select id from workflowstate where code='completare_metadate_co_concediu_personal' and temp_workflow_id_=(select id from workflow where name='UAT Local - Cerere concediu')), (select id from workflowstate where code='stabilire_tip_concediu_personal' and temp_workflow_id_=(select id from workflow where name='UAT Local - Cerere concediu')), (select id from workflow where name='UAT Local - Cerere concediu'));
INSERT INTO workflowtransition (id, available_4_auto_actions_only, deadlineaction, deadlineactiontype, deadlinenotifyresendinterval, deadlineperiod, name, routingcondition, routingdestinationid, routingdestinationparameter, routingtype, finalstate_id, startstate_id, workflow_id) VALUES (nextval('HIBERNATE_SEQUENCE'), FALSE, FALSE, null, null, null, 'Beneficiar cerere personala PE', null, (select ORG_ENTITY_ID from edocgroup where name='BOM'), null, 'GROUP', (select id from workflowstate where code='aprobare_bom_cerere_personala' and temp_workflow_id_=(select id from workflow where name='UAT Local - Cerere concediu')), (select id from workflowstate where code='stabilire_functie_beneficiar_cerere_personala' and temp_workflow_id_=(select id from workflow where name='UAT Local - Cerere concediu')), (select id from workflow where name='UAT Local - Cerere concediu'));
INSERT INTO workflowtransition (id, available_4_auto_actions_only, deadlineaction, deadlineactiontype, deadlinenotifyresendinterval, deadlineperiod, name, routingcondition, routingdestinationid, routingdestinationparameter, routingtype, finalstate_id, startstate_id, workflow_id) VALUES (nextval('HIBERNATE_SEQUENCE'), FALSE, FALSE, null, null, null, 'Cerere personala respinsa superior', '{aprobare_superior} =~ ''.*#respins#.*''', null, 'superior_aprobator_director_cerere_personala', 'PARAMETER', (select id from workflowstate where code='adaugare_comentariu_respingere_superior_cerere_personala' and temp_workflow_id_=(select id from workflow where name='UAT Local - Cerere concediu')), (select id from workflowstate where code='aprobare_cerere_personala_superior' and temp_workflow_id_=(select id from workflow where name='UAT Local - Cerere concediu')), (select id from workflow where name='UAT Local - Cerere concediu'));
INSERT INTO workflowtransition (id, available_4_auto_actions_only, deadlineaction, deadlineactiontype, deadlinenotifyresendinterval, deadlineperiod, name, routingcondition, routingdestinationid, routingdestinationparameter, routingtype, finalstate_id, startstate_id, workflow_id) VALUES (nextval('HIBERNATE_SEQUENCE'), FALSE, FALSE, null, null, null, 'Concediu nepersonal', null, null, 'initiator_cerere_concediu', 'PARAMETER', (select id from workflowstate where code='stabilire_tip_concediu_nepersonal' and temp_workflow_id_=(select id from workflow where name='UAT Local - Cerere concediu')), (select id from workflowstate where code='stabilire_tipuri_concedii_posibile' and temp_workflow_id_=(select id from workflow where name='UAT Local - Cerere concediu')), (select id from workflow where name='UAT Local - Cerere concediu'));
INSERT INTO workflowtransition (id, available_4_auto_actions_only, deadlineaction, deadlineactiontype, deadlinenotifyresendinterval, deadlineperiod, name, routingcondition, routingdestinationid, routingdestinationparameter, routingtype, finalstate_id, startstate_id, workflow_id) VALUES (nextval('HIBERNATE_SEQUENCE'), FALSE, FALSE, null, null, null, 'Beneficiar cerere nepersonala PE', null, (select ORG_ENTITY_ID from edocgroup where name='BOM'), null, 'GROUP', (select id from workflowstate where code='aprobare_bom_cerere_nepersonala' and temp_workflow_id_=(select id from workflow where name='UAT Local - Cerere concediu')), (select id from workflowstate where code='stabilire_functie_beneficiar_cerere_nepersonala' and temp_workflow_id_=(select id from workflow where name='UAT Local - Cerere concediu')), (select id from workflow where name='UAT Local - Cerere concediu'));
INSERT INTO workflowtransition (id, available_4_auto_actions_only, deadlineaction, deadlineactiontype, deadlinenotifyresendinterval, deadlineperiod, name, routingcondition, routingdestinationid, routingdestinationparameter, routingtype, finalstate_id, startstate_id, workflow_id) VALUES (nextval('HIBERNATE_SEQUENCE'), FALSE, FALSE, null, null, null, 'Metadate completate - concediu odihna - tip concediu personal', null, null, null, null, (select id from workflowstate where code='stabilire_functie_beneficiar_cerere_personala' and temp_workflow_id_=(select id from workflow where name='UAT Local - Cerere concediu')), (select id from workflowstate where code='completare_metadate_co_concediu_personal' and temp_workflow_id_=(select id from workflow where name='UAT Local - Cerere concediu')), (select id from workflow where name='UAT Local - Cerere concediu'));
INSERT INTO workflowtransition (id, available_4_auto_actions_only, deadlineaction, deadlineactiontype, deadlinenotifyresendinterval, deadlineperiod, name, routingcondition, routingdestinationid, routingdestinationparameter, routingtype, finalstate_id, startstate_id, workflow_id) VALUES (nextval('HIBERNATE_SEQUENCE'), FALSE, FALSE, null, null, null, 'Cerere concediu initiata', null, null, null, null, (select id from workflowstate where code='stabilire_tipuri_concedii_posibile' and temp_workflow_id_=(select id from workflow where name='UAT Local - Cerere concediu')), (select id from workflowstate where code='initiere_cerere_concediu' and temp_workflow_id_=(select id from workflow where name='UAT Local - Cerere concediu')), (select id from workflow where name='UAT Local - Cerere concediu'));
INSERT INTO workflowtransition (id, available_4_auto_actions_only, deadlineaction, deadlineactiontype, deadlinenotifyresendinterval, deadlineperiod, name, routingcondition, routingdestinationid, routingdestinationparameter, routingtype, finalstate_id, startstate_id, workflow_id) VALUES (nextval('HIBERNATE_SEQUENCE'), FALSE, FALSE, null, null, null, 'Cerere nepersonala respinsa PE, beneficiar Director Executiv', '({aprobare_pe_bom} =~ ''.*#respins#.*'')&& ({functie_beneficiar} == ''Director Executiv'' )', null, 'presedinte_aprobator_cerere_nepersonala', 'PARAMETER', (select id from workflowstate where code='adaugare_comentariu_respingere_pe_cerere_nepersonala_beneficiar_dir' and temp_workflow_id_=(select id from workflow where name='UAT Local - Cerere concediu')), (select id from workflowstate where code='aprobare_cerere_nepersonala_pe' and temp_workflow_id_=(select id from workflow where name='UAT Local - Cerere concediu')), (select id from workflow where name='UAT Local - Cerere concediu'));
INSERT INTO workflowtransition (id, available_4_auto_actions_only, deadlineaction, deadlineactiontype, deadlinenotifyresendinterval, deadlineperiod, name, routingcondition, routingdestinationid, routingdestinationparameter, routingtype, finalstate_id, startstate_id, workflow_id) VALUES (nextval('HIBERNATE_SEQUENCE'), FALSE, FALSE, null, null, null, 'Cerere nepersonala respinsa superior', '{aprobare_superior} =~ ''.*#respins#.*''', null, 'superior_aprobator_director_cerere_nepersonala', 'PARAMETER', (select id from workflowstate where code='adaugare_comentariu_respingere_superior_cerere_nepersonala' and temp_workflow_id_=(select id from workflow where name='UAT Local - Cerere concediu')), (select id from workflowstate where code='aprobare_cerere_nepersonala_superior' and temp_workflow_id_=(select id from workflow where name='UAT Local - Cerere concediu')), (select id from workflow where name='UAT Local - Cerere concediu'));
INSERT INTO workflowtransition (id, available_4_auto_actions_only, deadlineaction, deadlineactiontype, deadlinenotifyresendinterval, deadlineperiod, name, routingcondition, routingdestinationid, routingdestinationparameter, routingtype, finalstate_id, startstate_id, workflow_id) VALUES (nextval('HIBERNATE_SEQUENCE'), FALSE, FALSE, null, null, null, 'Cerere personala respinsa PE, beneficiar diferit Director Executiv', '({aprobare_pe_bom} =~ ''.*#respins#.*'')&& ({functie_beneficiar} != ''Director Executiv'' )', null, 'presedinte_aprobator_cerere_personala', 'PARAMETER', (select id from workflowstate where code='adaugare_comentariu_respingere_pe_cerere_personala_beneficiar_diferit_dir' and temp_workflow_id_=(select id from workflow where name='UAT Local - Cerere concediu')), (select id from workflowstate where code='aprobare_cerere_personala_pe' and temp_workflow_id_=(select id from workflow where name='UAT Local - Cerere concediu')), (select id from workflow where name='UAT Local - Cerere concediu'));
INSERT INTO workflowtransition (id, available_4_auto_actions_only, deadlineaction, deadlineactiontype, deadlinenotifyresendinterval, deadlineperiod, name, routingcondition, routingdestinationid, routingdestinationparameter, routingtype, finalstate_id, startstate_id, workflow_id) VALUES (nextval('HIBERNATE_SEQUENCE'), FALSE, FALSE, null, null, null, 'Concediu situatii speciale - tip concediu personal', '{tip_concediu_personal} =~ ''.*#concediu_situatii_speciale#.*''', null, 'initiator_cerere_concediu', 'PARAMETER', (select id from workflowstate where code='completare_metadate_css_concediu_personal' and temp_workflow_id_=(select id from workflow where name='UAT Local - Cerere concediu')), (select id from workflowstate where code='stabilire_tip_concediu_personal' and temp_workflow_id_=(select id from workflow where name='UAT Local - Cerere concediu')), (select id from workflow where name='UAT Local - Cerere concediu'));
INSERT INTO workflowtransition (id, available_4_auto_actions_only, deadlineaction, deadlineactiontype, deadlinenotifyresendinterval, deadlineperiod, name, routingcondition, routingdestinationid, routingdestinationparameter, routingtype, finalstate_id, startstate_id, workflow_id) VALUES (nextval('HIBERNATE_SEQUENCE'), FALSE, FALSE, null, null, null, 'Comentariu adaugat - cerere personala respinsa superior', null, null, null, null, (select id from workflowstate where code='cerere_personala_respinsa_superior' and temp_workflow_id_=(select id from workflow where name='UAT Local - Cerere concediu')), (select id from workflowstate where code='adaugare_comentariu_respingere_superior_cerere_personala' and temp_workflow_id_=(select id from workflow where name='UAT Local - Cerere concediu')), (select id from workflow where name='UAT Local - Cerere concediu'));
WITH notificationRow AS (
	INSERT INTO transition_notifications (id, transition_id, email_subject_template, email_content_template) VALUES (nextval('HIBERNATE_SEQUENCE'), (select id from workflowtransition where name='Comentariu adaugat - cerere personala respinsa superior' and workflow_id=(select id from workflow where name='UAT Local - Cerere concediu')), 'Cerere concediu respinsa', 'Cererea dvs de concediu a fost respinsa de 
 {superior_aprobator_director_cerere_personala}')
	RETURNING id
) INSERT INTO sup_of_user_mtadta_trans_notif (notification_id, metadata_name) VALUES ((select id from notificationRow), 'initiator_cerere_concediu');

INSERT INTO workflowtransition (id, available_4_auto_actions_only, deadlineaction, deadlineactiontype, deadlinenotifyresendinterval, deadlineperiod, name, routingcondition, routingdestinationid, routingdestinationparameter, routingtype, finalstate_id, startstate_id, workflow_id) VALUES (nextval('HIBERNATE_SEQUENCE'), FALSE, FALSE, null, null, null, 'Concediu fara plata - tip concediu nepersonal', '{tip_concediu_nepersonal} =~ ''.*#concediu_fara_plata#.*''', null, 'initiator_cerere_concediu', 'PARAMETER', (select id from workflowstate where code='completare_metadate_cfp_concediu_nepersonal' and temp_workflow_id_=(select id from workflow where name='UAT Local - Cerere concediu')), (select id from workflowstate where code='stabilire_tip_concediu_nepersonal' and temp_workflow_id_=(select id from workflow where name='UAT Local - Cerere concediu')), (select id from workflow where name='UAT Local - Cerere concediu'));
INSERT INTO workflowtransition (id, available_4_auto_actions_only, deadlineaction, deadlineactiontype, deadlinenotifyresendinterval, deadlineperiod, name, routingcondition, routingdestinationid, routingdestinationparameter, routingtype, finalstate_id, startstate_id, workflow_id) VALUES (nextval('HIBERNATE_SEQUENCE'), FALSE, FALSE, null, null, null, 'Cerere personala aprobata PE', '{aprobare_pe_bom} =~ ''.*#aprobat#.*''', null, null, null, (select id from workflowstate where code='marcare_cerere_personala_calendar_actiuni_arb' and temp_workflow_id_=(select id from workflow where name='UAT Local - Cerere concediu')), (select id from workflowstate where code='aprobare_cerere_personala_pe' and temp_workflow_id_=(select id from workflow where name='UAT Local - Cerere concediu')), (select id from workflow where name='UAT Local - Cerere concediu'));
INSERT INTO workflowtransition (id, available_4_auto_actions_only, deadlineaction, deadlineactiontype, deadlinenotifyresendinterval, deadlineperiod, name, routingcondition, routingdestinationid, routingdestinationparameter, routingtype, finalstate_id, startstate_id, workflow_id) VALUES (nextval('HIBERNATE_SEQUENCE'), FALSE, FALSE, null, null, null, 'Metadate completate - concediu fara plata - tip concediu nepersonal', null, null, null, null, (select id from workflowstate where code='stabilire_functie_beneficiar_cerere_nepersonala' and temp_workflow_id_=(select id from workflow where name='UAT Local - Cerere concediu')), (select id from workflowstate where code='completare_metadate_cfp_concediu_nepersonal' and temp_workflow_id_=(select id from workflow where name='UAT Local - Cerere concediu')), (select id from workflow where name='UAT Local - Cerere concediu'));
-- Workflow < UAT Local - Cerere concediu

-- Workflow > UAT Local - Cerere rechemare
INSERT INTO workflow (id, description, name, processdefinitionid, version_number, base_version_id, source_version_id) VALUES (nextval('HIBERNATE_SEQUENCE'), null, 'UAT Local - Cerere rechemare', null, 1, null, null);

INSERT INTO workflow_doc_type (workflow_id, document_type_id) VALUES ((select id from workflow where name='UAT Local - Cerere rechemare'), (select id from documenttype where name='UAT Local - Cerere rechemare'));

INSERT INTO workflowstate (id, attachmentspermission, code, name, statetype, automaticrunning, classpath, temp_workflow_id_) VALUES (nextval('HIBERNATE_SEQUENCE'), 3, 'actualizare_zile_concediu', 'Actualizare zile concediu', 2, FALSE, null, (select id from workflow where name='UAT Local - Cerere rechemare'));
INSERT INTO workflowstate (id, attachmentspermission, code, name, statetype, automaticrunning, classpath, temp_workflow_id_) VALUES (nextval('HIBERNATE_SEQUENCE'), 3, 'adaugare_comentariu_atasament', 'Adaugare comentariu,  atasament initiator', 2, FALSE, null, (select id from workflow where name='UAT Local - Cerere rechemare'));
INSERT INTO workflowstate (id, attachmentspermission, code, name, statetype, automaticrunning, classpath, temp_workflow_id_) VALUES (nextval('HIBERNATE_SEQUENCE'), 3, 'adaugare_comentariu_cerere_rechemare_respinsa_pe_bom_initiator_diferit_director', 'Adaugare comentariu cerere rechemare respinsa Presedinte BOM - initiator diferit director', 2, FALSE, null, (select id from workflow where name='UAT Local - Cerere rechemare'));
INSERT INTO workflowstate (id, attachmentspermission, code, name, statetype, automaticrunning, classpath, temp_workflow_id_) VALUES (nextval('HIBERNATE_SEQUENCE'), 3, 'adaugare_comentariu_cerere_rechemare_respinsa_pe_bom_initiator_director', 'Adaugare comentariu cerere rechemare respinsa Presedinte BOM - initiator director', 2, FALSE, null, (select id from workflow where name='UAT Local - Cerere rechemare'));
INSERT INTO workflowstate (id, attachmentspermission, code, name, statetype, automaticrunning, classpath, temp_workflow_id_) VALUES (nextval('HIBERNATE_SEQUENCE'), 3, 'adaugare_comentariu_cerere_respinsa_superior', 'Adaugare comentariu cerere respinsa superior', 2, FALSE, null, (select id from workflow where name='UAT Local - Cerere rechemare'));
INSERT INTO workflowstate (id, attachmentspermission, code, name, statetype, automaticrunning, classpath, temp_workflow_id_) VALUES (nextval('HIBERNATE_SEQUENCE'), 3, 'aprobare_pe_bom_initiator_diferit_director', 'Aprobare Presedinte sau BOM - initiator diferit director', 2, FALSE, null, (select id from workflow where name='UAT Local - Cerere rechemare'));
INSERT INTO workflowstate (id, attachmentspermission, code, name, statetype, automaticrunning, classpath, temp_workflow_id_) VALUES (nextval('HIBERNATE_SEQUENCE'), 3, 'aprobare_pe_bom_initiator_director', 'Aprobare Presedinte sau BOM - initiator director', 2, FALSE, null, (select id from workflow where name='UAT Local - Cerere rechemare'));
INSERT INTO workflowstate (id, attachmentspermission, code, name, statetype, automaticrunning, classpath, temp_workflow_id_) VALUES (nextval('HIBERNATE_SEQUENCE'), 3, 'aprobare_superior', 'Aprobare superior', 2, FALSE, null, (select id from workflow where name='UAT Local - Cerere rechemare'));
INSERT INTO workflowstate (id, attachmentspermission, code, name, statetype, automaticrunning, classpath, temp_workflow_id_) VALUES (nextval('HIBERNATE_SEQUENCE'), 3, 'cerere_rechemare_aprobata', 'Cerere rechemare aprobata', 3, FALSE, null, (select id from workflow where name='UAT Local - Cerere rechemare'));
INSERT INTO workflowstate (id, attachmentspermission, code, name, statetype, automaticrunning, classpath, temp_workflow_id_) VALUES (nextval('HIBERNATE_SEQUENCE'), 3, 'cerere_rechemare_respinsa_pe_bom_initiator_diferit_director', 'Cerere rechemare respinsa Presedinte BOM - initiator diferit director', 3, FALSE, null, (select id from workflow where name='UAT Local - Cerere rechemare'));
INSERT INTO workflowstate (id, attachmentspermission, code, name, statetype, automaticrunning, classpath, temp_workflow_id_) VALUES (nextval('HIBERNATE_SEQUENCE'), 3, 'cerere_rechemare_respinsa_pe_bom_initiator_director', 'Cerere rechemare respinsa Presedinte BOM - initiator director', 3, FALSE, null, (select id from workflow where name='UAT Local - Cerere rechemare'));
INSERT INTO workflowstate (id, attachmentspermission, code, name, statetype, automaticrunning, classpath, temp_workflow_id_) VALUES (nextval('HIBERNATE_SEQUENCE'), 3, 'cerere_rechemare_respinsa_superior', 'Cerere rechemare respinsa superior', 3, FALSE, null, (select id from workflow where name='UAT Local - Cerere rechemare'));
INSERT INTO workflowstate (id, attachmentspermission, code, name, statetype, automaticrunning, classpath, temp_workflow_id_) VALUES (nextval('HIBERNATE_SEQUENCE'), 3, 'initiere_cerere_rechemare_si_completare_metadate', 'Initiere cerere rechemare si completare metadate', 1, FALSE, null, (select id from workflow where name='UAT Local - Cerere rechemare'));
INSERT INTO workflowstate (id, attachmentspermission, code, name, statetype, automaticrunning, classpath, temp_workflow_id_) VALUES (nextval('HIBERNATE_SEQUENCE'), 3, 'marcare_rechemare_in_calendar_actiuni_arb', 'Marcare rechemare in calendar actiuni ARB', 2, TRUE, 'ro.cloudSoft.cloudDoc.services.bpm.custom.UpdateHolidayEventForUserReturning', (select id from workflow where name='UAT Local - Cerere rechemare'));
INSERT INTO workflowstate (id, attachmentspermission, code, name, statetype, automaticrunning, classpath, temp_workflow_id_) VALUES (nextval('HIBERNATE_SEQUENCE'), 3, 'stabilire_functie_initiator', 'Stabilire functie initiator', 2, FALSE, null, (select id from workflow where name='UAT Local - Cerere rechemare'));

INSERT INTO workflowtransition (id, available_4_auto_actions_only, deadlineaction, deadlineactiontype, deadlinenotifyresendinterval, deadlineperiod, name, routingcondition, routingdestinationid, routingdestinationparameter, routingtype, finalstate_id, startstate_id, workflow_id) VALUES (nextval('HIBERNATE_SEQUENCE'), FALSE, FALSE, null, null, null, 'Zile concediu actualizate', null, null, 'user_rechemat', 'PARAMETER', (select id from workflowstate where code='adaugare_comentariu_atasament' and temp_workflow_id_=(select id from workflow where name='UAT Local - Cerere rechemare')), (select id from workflowstate where code='actualizare_zile_concediu' and temp_workflow_id_=(select id from workflow where name='UAT Local - Cerere rechemare')), (select id from workflow where name='UAT Local - Cerere rechemare'));
INSERT INTO workflowtransition (id, available_4_auto_actions_only, deadlineaction, deadlineactiontype, deadlinenotifyresendinterval, deadlineperiod, name, routingcondition, routingdestinationid, routingdestinationparameter, routingtype, finalstate_id, startstate_id, workflow_id) VALUES (nextval('HIBERNATE_SEQUENCE'), FALSE, FALSE, null, null, null, 'Comentariu cerere respinsa superior adaugat', null, null, null, null, (select id from workflowstate where code='cerere_rechemare_respinsa_superior' and temp_workflow_id_=(select id from workflow where name='UAT Local - Cerere rechemare')), (select id from workflowstate where code='adaugare_comentariu_cerere_respinsa_superior' and temp_workflow_id_=(select id from workflow where name='UAT Local - Cerere rechemare')), (select id from workflow where name='UAT Local - Cerere rechemare'));
WITH notificationRow AS (
	INSERT INTO transition_notifications (id, transition_id, email_subject_template, email_content_template) VALUES (nextval('HIBERNATE_SEQUENCE'), (select id from workflowtransition where name='Comentariu cerere respinsa superior adaugat' and workflow_id=(select id from workflow where name='UAT Local - Cerere rechemare')), 'Cerere rechemare respinsa', 'Cererea dvs de rechemare a fost respinsa de {superior_aprobator}')
	RETURNING id
) INSERT INTO sup_of_user_mtadta_trans_notif (notification_id, metadata_name) VALUES ((select id from notificationRow), 'user_rechemat');

INSERT INTO workflowtransition (id, available_4_auto_actions_only, deadlineaction, deadlineactiontype, deadlinenotifyresendinterval, deadlineperiod, name, routingcondition, routingdestinationid, routingdestinationparameter, routingtype, finalstate_id, startstate_id, workflow_id) VALUES (nextval('HIBERNATE_SEQUENCE'), FALSE, FALSE, null, null, null, 'Initiator director', '{grup_directori} == ''Directori''', (select ORG_ENTITY_ID from edocgroup where name='PE BOM'), null, 'GROUP', (select id from workflowstate where code='aprobare_pe_bom_initiator_director' and temp_workflow_id_=(select id from workflow where name='UAT Local - Cerere rechemare')), (select id from workflowstate where code='stabilire_functie_initiator' and temp_workflow_id_=(select id from workflow where name='UAT Local - Cerere rechemare')), (select id from workflow where name='UAT Local - Cerere rechemare'));
INSERT INTO workflowtransition (id, available_4_auto_actions_only, deadlineaction, deadlineactiontype, deadlinenotifyresendinterval, deadlineperiod, name, routingcondition, routingdestinationid, routingdestinationparameter, routingtype, finalstate_id, startstate_id, workflow_id) VALUES (nextval('HIBERNATE_SEQUENCE'), FALSE, FALSE, null, null, null, 'Comentariu, atasament adaugat initiator', null, null, null, null, (select id from workflowstate where code='cerere_rechemare_aprobata' and temp_workflow_id_=(select id from workflow where name='UAT Local - Cerere rechemare')), (select id from workflowstate where code='adaugare_comentariu_atasament' and temp_workflow_id_=(select id from workflow where name='UAT Local - Cerere rechemare')), (select id from workflow where name='UAT Local - Cerere rechemare'));
INSERT INTO workflowtransition (id, available_4_auto_actions_only, deadlineaction, deadlineactiontype, deadlinenotifyresendinterval, deadlineperiod, name, routingcondition, routingdestinationid, routingdestinationparameter, routingtype, finalstate_id, startstate_id, workflow_id) VALUES (nextval('HIBERNATE_SEQUENCE'), FALSE, FALSE, null, null, null, 'Cerere rechemare aprobata - initiator director', '{status_aprobare_pe_bom} =~ ''.*#aprobat#.*''', null, null, null, (select id from workflowstate where code='marcare_rechemare_in_calendar_actiuni_arb' and temp_workflow_id_=(select id from workflow where name='UAT Local - Cerere rechemare')), (select id from workflowstate where code='aprobare_pe_bom_initiator_director' and temp_workflow_id_=(select id from workflow where name='UAT Local - Cerere rechemare')), (select id from workflow where name='UAT Local - Cerere rechemare'));
INSERT INTO workflowtransition (id, available_4_auto_actions_only, deadlineaction, deadlineactiontype, deadlinenotifyresendinterval, deadlineperiod, name, routingcondition, routingdestinationid, routingdestinationparameter, routingtype, finalstate_id, startstate_id, workflow_id) VALUES (nextval('HIBERNATE_SEQUENCE'), FALSE, FALSE, null, null, null, 'Comentariu cerere respinsa Presedinte BOM adaugat - initiator director', null, null, null, null, (select id from workflowstate where code='cerere_rechemare_respinsa_pe_bom_initiator_director' and temp_workflow_id_=(select id from workflow where name='UAT Local - Cerere rechemare')), (select id from workflowstate where code='adaugare_comentariu_cerere_rechemare_respinsa_pe_bom_initiator_director' and temp_workflow_id_=(select id from workflow where name='UAT Local - Cerere rechemare')), (select id from workflow where name='UAT Local - Cerere rechemare'));
WITH notificationRow AS (
	INSERT INTO transition_notifications (id, transition_id, email_subject_template, email_content_template) VALUES (nextval('HIBERNATE_SEQUENCE'), (select id from workflowtransition where name='Comentariu cerere respinsa Presedinte BOM adaugat - initiator director' and workflow_id=(select id from workflow where name='UAT Local - Cerere rechemare')), 'Cerere rechemare respinsa', 'Cererea dvs de rechemare a fost respinsa de {presedinte_aprobator_initiator_director}')
	RETURNING id
) INSERT INTO sup_of_user_mtadta_trans_notif (notification_id, metadata_name) VALUES ((select id from notificationRow), 'user_rechemat');

INSERT INTO workflowtransition (id, available_4_auto_actions_only, deadlineaction, deadlineactiontype, deadlinenotifyresendinterval, deadlineperiod, name, routingcondition, routingdestinationid, routingdestinationparameter, routingtype, finalstate_id, startstate_id, workflow_id) VALUES (nextval('HIBERNATE_SEQUENCE'), FALSE, FALSE, null, null, null, 'Cerere rechemare respinsa superior', '{status_aprobare_superior} =~ ''.*#respins#.*''', null, 'superior_aprobator', 'PARAMETER', (select id from workflowstate where code='adaugare_comentariu_cerere_respinsa_superior' and temp_workflow_id_=(select id from workflow where name='UAT Local - Cerere rechemare')), (select id from workflowstate where code='aprobare_superior' and temp_workflow_id_=(select id from workflow where name='UAT Local - Cerere rechemare')), (select id from workflow where name='UAT Local - Cerere rechemare'));
INSERT INTO workflowtransition (id, available_4_auto_actions_only, deadlineaction, deadlineactiontype, deadlinenotifyresendinterval, deadlineperiod, name, routingcondition, routingdestinationid, routingdestinationparameter, routingtype, finalstate_id, startstate_id, workflow_id) VALUES (nextval('HIBERNATE_SEQUENCE'), FALSE, FALSE, null, null, null, 'Cerere rechemare respinsa Presedinte BOM - initiator diferit director', '{status_aprobare_pe_bom} =~ ''.*#respins#.*''', null, 'presedinte_aprobator_initiator_diferit_director', 'PARAMETER', (select id from workflowstate where code='adaugare_comentariu_cerere_rechemare_respinsa_pe_bom_initiator_diferit_director' and temp_workflow_id_=(select id from workflow where name='UAT Local - Cerere rechemare')), (select id from workflowstate where code='aprobare_pe_bom_initiator_diferit_director' and temp_workflow_id_=(select id from workflow where name='UAT Local - Cerere rechemare')), (select id from workflow where name='UAT Local - Cerere rechemare'));
INSERT INTO workflowtransition (id, available_4_auto_actions_only, deadlineaction, deadlineactiontype, deadlinenotifyresendinterval, deadlineperiod, name, routingcondition, routingdestinationid, routingdestinationparameter, routingtype, finalstate_id, startstate_id, workflow_id) VALUES (nextval('HIBERNATE_SEQUENCE'), FALSE, FALSE, null, null, null, 'Cerere rechemare aprobata - initiator diferit director', '{status_aprobare_pe_bom} =~ ''.*#aprobat#.*''', null, null, null, (select id from workflowstate where code='marcare_rechemare_in_calendar_actiuni_arb' and temp_workflow_id_=(select id from workflow where name='UAT Local - Cerere rechemare')), (select id from workflowstate where code='aprobare_pe_bom_initiator_diferit_director' and temp_workflow_id_=(select id from workflow where name='UAT Local - Cerere rechemare')), (select id from workflow where name='UAT Local - Cerere rechemare'));
INSERT INTO workflowtransition (id, available_4_auto_actions_only, deadlineaction, deadlineactiontype, deadlinenotifyresendinterval, deadlineperiod, name, routingcondition, routingdestinationid, routingdestinationparameter, routingtype, finalstate_id, startstate_id, workflow_id) VALUES (nextval('HIBERNATE_SEQUENCE'), FALSE, FALSE, null, null, null, 'Initiator diferit de director', '{grup_directori} != ''Directori''', null, null, 'HIERARCHICAL_SUP', (select id from workflowstate where code='aprobare_superior' and temp_workflow_id_=(select id from workflow where name='UAT Local - Cerere rechemare')), (select id from workflowstate where code='stabilire_functie_initiator' and temp_workflow_id_=(select id from workflow where name='UAT Local - Cerere rechemare')), (select id from workflow where name='UAT Local - Cerere rechemare'));
INSERT INTO workflowtransition (id, available_4_auto_actions_only, deadlineaction, deadlineactiontype, deadlinenotifyresendinterval, deadlineperiod, name, routingcondition, routingdestinationid, routingdestinationparameter, routingtype, finalstate_id, startstate_id, workflow_id) VALUES (nextval('HIBERNATE_SEQUENCE'), FALSE, FALSE, null, null, null, 'Comentariu cerere respinsa Presedinte BOM adaugat - initiator diferit director', null, null, null, null, (select id from workflowstate where code='cerere_rechemare_respinsa_pe_bom_initiator_diferit_director' and temp_workflow_id_=(select id from workflow where name='UAT Local - Cerere rechemare')), (select id from workflowstate where code='adaugare_comentariu_cerere_rechemare_respinsa_pe_bom_initiator_diferit_director' and temp_workflow_id_=(select id from workflow where name='UAT Local - Cerere rechemare')), (select id from workflow where name='UAT Local - Cerere rechemare'));
WITH notificationRow AS (
	INSERT INTO transition_notifications (id, transition_id, email_subject_template, email_content_template) VALUES (nextval('HIBERNATE_SEQUENCE'), (select id from workflowtransition where name='Comentariu cerere respinsa Presedinte BOM adaugat - initiator diferit director' and workflow_id=(select id from workflow where name='UAT Local - Cerere rechemare')), 'Cerere rechemare respinsa', 'Cererea dvs de rechemare a fost respinsa de {presedinte_aprobator_initiator_diferit_director}')
	RETURNING id
) INSERT INTO sup_of_user_mtadta_trans_notif (notification_id, metadata_name) VALUES ((select id from notificationRow), 'user_rechemat');
WITH notificationRow AS (
	INSERT INTO transition_notifications (id, transition_id, email_subject_template, email_content_template) VALUES (nextval('HIBERNATE_SEQUENCE'), (select id from workflowtransition where name='Comentariu cerere respinsa Presedinte BOM adaugat - initiator diferit director' and workflow_id=(select id from workflow where name='UAT Local - Cerere rechemare')), 'Cerere rechemare respinsa', 'Cererea dvs de rechemare a fost respinsa de {presedinte_aprobator_initiator_diferit_director}')
	RETURNING id
) INSERT INTO sup_of_user_mtadta_trans_notif (notification_id, metadata_name) VALUES ((select id from notificationRow), 'superior_aprobator');

INSERT INTO workflowtransition (id, available_4_auto_actions_only, deadlineaction, deadlineactiontype, deadlinenotifyresendinterval, deadlineperiod, name, routingcondition, routingdestinationid, routingdestinationparameter, routingtype, finalstate_id, startstate_id, workflow_id) VALUES (nextval('HIBERNATE_SEQUENCE'), FALSE, FALSE, null, null, null, 'Cerere rechemare respinsa Presedinte BOM - initiator director', '{status_aprobare_pe_bom} =~ ''.*#respins#.*''', null, 'presedinte_aprobator_initiator_director', 'PARAMETER', (select id from workflowstate where code='adaugare_comentariu_cerere_rechemare_respinsa_pe_bom_initiator_director' and temp_workflow_id_=(select id from workflow where name='UAT Local - Cerere rechemare')), (select id from workflowstate where code='aprobare_pe_bom_initiator_director' and temp_workflow_id_=(select id from workflow where name='UAT Local - Cerere rechemare')), (select id from workflow where name='UAT Local - Cerere rechemare'));
INSERT INTO workflowtransition (id, available_4_auto_actions_only, deadlineaction, deadlineactiontype, deadlinenotifyresendinterval, deadlineperiod, name, routingcondition, routingdestinationid, routingdestinationparameter, routingtype, finalstate_id, startstate_id, workflow_id) VALUES (nextval('HIBERNATE_SEQUENCE'), FALSE, FALSE, null, null, null, 'Cerere rechemare aprobata superior', '{status_aprobare_superior} =~ ''.*#aprobat#.*''', (select ORG_ENTITY_ID from edocgroup where name='PE BOM'), null, 'GROUP', (select id from workflowstate where code='aprobare_pe_bom_initiator_diferit_director' and temp_workflow_id_=(select id from workflow where name='UAT Local - Cerere rechemare')), (select id from workflowstate where code='aprobare_superior' and temp_workflow_id_=(select id from workflow where name='UAT Local - Cerere rechemare')), (select id from workflow where name='UAT Local - Cerere rechemare'));
INSERT INTO workflowtransition (id, available_4_auto_actions_only, deadlineaction, deadlineactiontype, deadlinenotifyresendinterval, deadlineperiod, name, routingcondition, routingdestinationid, routingdestinationparameter, routingtype, finalstate_id, startstate_id, workflow_id) VALUES (nextval('HIBERNATE_SEQUENCE'), FALSE, FALSE, null, null, null, 'Rechemare marcata in calendar actiuni ARB', null, null, null, 'INITIATOR', (select id from workflowstate where code='actualizare_zile_concediu' and temp_workflow_id_=(select id from workflow where name='UAT Local - Cerere rechemare')), (select id from workflowstate where code='marcare_rechemare_in_calendar_actiuni_arb' and temp_workflow_id_=(select id from workflow where name='UAT Local - Cerere rechemare')), (select id from workflow where name='UAT Local - Cerere rechemare'));
INSERT INTO workflowtransition (id, available_4_auto_actions_only, deadlineaction, deadlineactiontype, deadlinenotifyresendinterval, deadlineperiod, name, routingcondition, routingdestinationid, routingdestinationparameter, routingtype, finalstate_id, startstate_id, workflow_id) VALUES (nextval('HIBERNATE_SEQUENCE'), FALSE, FALSE, null, null, null, 'Cerere rechemare initiata si metadate completate', null, null, null, 'INITIATOR', (select id from workflowstate where code='stabilire_functie_initiator' and temp_workflow_id_=(select id from workflow where name='UAT Local - Cerere rechemare')), (select id from workflowstate where code='initiere_cerere_rechemare_si_completare_metadate' and temp_workflow_id_=(select id from workflow where name='UAT Local - Cerere rechemare')), (select id from workflow where name='UAT Local - Cerere rechemare'));
-- Workflow < UAT Local - Cerere rechemare

-- Workflow > UAT Local - Decizie deplasare
INSERT INTO workflow (id, description, name, processdefinitionid, version_number, base_version_id, source_version_id) VALUES (nextval('HIBERNATE_SEQUENCE'), null, 'UAT Local - Decizie deplasare', null, 1, null, null);

INSERT INTO workflow_doc_type (workflow_id, document_type_id) VALUES ((select id from workflow where name='UAT Local - Decizie deplasare'), (select id from documenttype where name='UAT Local - Decizie deplasare'));

INSERT INTO workflowstate (id, attachmentspermission, code, name, statetype, automaticrunning, classpath, temp_workflow_id_) VALUES (nextval('HIBERNATE_SEQUENCE'), 3, 'adaugare_comentariu_atasament', 'Adaugare comentariu, atasament', 2, FALSE, null, (select id from workflow where name='UAT Local - Decizie deplasare'));
INSERT INTO workflowstate (id, attachmentspermission, code, name, statetype, automaticrunning, classpath, temp_workflow_id_) VALUES (nextval('HIBERNATE_SEQUENCE'), 3, 'adaugare_comentariu_decizie_deplasare_invalidata_logisitca', 'Adaugare comentariu - decizie deplasare invalidata Logistica', 2, FALSE, null, (select id from workflow where name='UAT Local - Decizie deplasare'));
INSERT INTO workflowstate (id, attachmentspermission, code, name, statetype, automaticrunning, classpath, temp_workflow_id_) VALUES (nextval('HIBERNATE_SEQUENCE'), 3, 'adaugare_comentariu_decizie_deplasare_respinsa_deic', 'Adaugare comentariu - decizie deplasare respinsa DEIC', 2, FALSE, null, (select id from workflow where name='UAT Local - Decizie deplasare'));
INSERT INTO workflowstate (id, attachmentspermission, code, name, statetype, automaticrunning, classpath, temp_workflow_id_) VALUES (nextval('HIBERNATE_SEQUENCE'), 3, 'adaugare_comentariu_decizie_deplasare_respinsa_depr', 'Adaugare comentariu - decizie deplasare respinsa DEPR', 2, FALSE, null, (select id from workflow where name='UAT Local - Decizie deplasare'));
INSERT INTO workflowstate (id, attachmentspermission, code, name, statetype, automaticrunning, classpath, temp_workflow_id_) VALUES (nextval('HIBERNATE_SEQUENCE'), 3, 'adaugare_comentariu_decizie_deplasare_respinsa_pe_bom', 'Adaugare comentariu - decizie deplasare respinsa PE BOM', 2, FALSE, null, (select id from workflow where name='UAT Local - Decizie deplasare'));
INSERT INTO workflowstate (id, attachmentspermission, code, name, statetype, automaticrunning, classpath, temp_workflow_id_) VALUES (nextval('HIBERNATE_SEQUENCE'), 3, 'aprobare_decizie_deplasare_deic', 'Aprobare decizie deplasare DEIC', 2, FALSE, null, (select id from workflow where name='UAT Local - Decizie deplasare'));
INSERT INTO workflowstate (id, attachmentspermission, code, name, statetype, automaticrunning, classpath, temp_workflow_id_) VALUES (nextval('HIBERNATE_SEQUENCE'), 3, 'aprobare_decizie_deplasare_depr', 'Aprobare decizie deplasare DEPR', 2, FALSE, null, (select id from workflow where name='UAT Local - Decizie deplasare'));
INSERT INTO workflowstate (id, attachmentspermission, code, name, statetype, automaticrunning, classpath, temp_workflow_id_) VALUES (nextval('HIBERNATE_SEQUENCE'), 3, 'aprobare_decizie_deplasare_pe_bom', 'Aprobare decizie deplasare PE BOM', 2, FALSE, null, (select id from workflow where name='UAT Local - Decizie deplasare'));
INSERT INTO workflowstate (id, attachmentspermission, code, name, statetype, automaticrunning, classpath, temp_workflow_id_) VALUES (nextval('HIBERNATE_SEQUENCE'), 3, 'asignare_task_user', 'Asignare user si initiere task', 1, FALSE, null, (select id from workflow where name='UAT Local - Decizie deplasare'));
INSERT INTO workflowstate (id, attachmentspermission, code, name, statetype, automaticrunning, classpath, temp_workflow_id_) VALUES (nextval('HIBERNATE_SEQUENCE'), 3, 'completare_metadate_decizie_deplasare', 'Completare metadate decizie deplasare', 2, FALSE, null, (select id from workflow where name='UAT Local - Decizie deplasare'));
INSERT INTO workflowstate (id, attachmentspermission, code, name, statetype, automaticrunning, classpath, temp_workflow_id_) VALUES (nextval('HIBERNATE_SEQUENCE'), 3, 'decizie_deplasare_aprobata', 'Decizie deplasare aprobata', 3, FALSE, null, (select id from workflow where name='UAT Local - Decizie deplasare'));
INSERT INTO workflowstate (id, attachmentspermission, code, name, statetype, automaticrunning, classpath, temp_workflow_id_) VALUES (nextval('HIBERNATE_SEQUENCE'), 3, 'decizie_deplasare_invalidata_logistica', 'Decizie deplasare invalidata Logisitica', 3, FALSE, null, (select id from workflow where name='UAT Local - Decizie deplasare'));
INSERT INTO workflowstate (id, attachmentspermission, code, name, statetype, automaticrunning, classpath, temp_workflow_id_) VALUES (nextval('HIBERNATE_SEQUENCE'), 3, 'decizie_deplasare_respinsa_deic', 'Decizie deplasare respinsa DEIC', 3, FALSE, null, (select id from workflow where name='UAT Local - Decizie deplasare'));
INSERT INTO workflowstate (id, attachmentspermission, code, name, statetype, automaticrunning, classpath, temp_workflow_id_) VALUES (nextval('HIBERNATE_SEQUENCE'), 3, 'decizie_deplasare_respinsa_depr', 'Decizie deplasare respinsa DEPR', 3, FALSE, null, (select id from workflow where name='UAT Local - Decizie deplasare'));
INSERT INTO workflowstate (id, attachmentspermission, code, name, statetype, automaticrunning, classpath, temp_workflow_id_) VALUES (nextval('HIBERNATE_SEQUENCE'), 3, 'decizie_deplasare_respinsa_pe_bom', 'Decizie deplasare respinsa PE BOM', 3, FALSE, null, (select id from workflow where name='UAT Local - Decizie deplasare'));
INSERT INTO workflowstate (id, attachmentspermission, code, name, statetype, automaticrunning, classpath, temp_workflow_id_) VALUES (nextval('HIBERNATE_SEQUENCE'), 3, 'marcare_calendar_actiuni_arb', 'Marcare calendar actiuni ARB', 2, FALSE, null, (select id from workflow where name='UAT Local - Decizie deplasare'));
INSERT INTO workflowstate (id, attachmentspermission, code, name, statetype, automaticrunning, classpath, temp_workflow_id_) VALUES (nextval('HIBERNATE_SEQUENCE'), 3, 'validare_logisitca', 'Validare Logistica', 2, FALSE, null, (select id from workflow where name='UAT Local - Decizie deplasare'));

INSERT INTO workflowtransition (id, available_4_auto_actions_only, deadlineaction, deadlineactiontype, deadlinenotifyresendinterval, deadlineperiod, name, routingcondition, routingdestinationid, routingdestinationparameter, routingtype, finalstate_id, startstate_id, workflow_id) VALUES (nextval('HIBERNATE_SEQUENCE'), FALSE, FALSE, null, null, null, 'Decizie deplasare invalidata Logistica', '{status_validare_logistica} =~ ''.*#invalidat#.*''', null, 'aprobator_logistica', 'PARAMETER', (select id from workflowstate where code='adaugare_comentariu_decizie_deplasare_invalidata_logisitca' and temp_workflow_id_=(select id from workflow where name='UAT Local - Decizie deplasare')), (select id from workflowstate where code='validare_logisitca' and temp_workflow_id_=(select id from workflow where name='UAT Local - Decizie deplasare')), (select id from workflow where name='UAT Local - Decizie deplasare'));
INSERT INTO workflowtransition (id, available_4_auto_actions_only, deadlineaction, deadlineactiontype, deadlinenotifyresendinterval, deadlineperiod, name, routingcondition, routingdestinationid, routingdestinationparameter, routingtype, finalstate_id, startstate_id, workflow_id) VALUES (nextval('HIBERNATE_SEQUENCE'), FALSE, FALSE, null, null, null, 'Task asignat si initiat', null, null, 'initiator_decizie_deplasare', 'PARAMETER', (select id from workflowstate where code='completare_metadate_decizie_deplasare' and temp_workflow_id_=(select id from workflow where name='UAT Local - Decizie deplasare')), (select id from workflowstate where code='asignare_task_user' and temp_workflow_id_=(select id from workflow where name='UAT Local - Decizie deplasare')), (select id from workflow where name='UAT Local - Decizie deplasare'));
INSERT INTO workflowtransition (id, available_4_auto_actions_only, deadlineaction, deadlineactiontype, deadlinenotifyresendinterval, deadlineperiod, name, routingcondition, routingdestinationid, routingdestinationparameter, routingtype, finalstate_id, startstate_id, workflow_id) VALUES (nextval('HIBERNATE_SEQUENCE'), FALSE, FALSE, null, null, null, 'Metadate decizie deplasare completate', null, (select ORG_ENTITY_ID from edocgroup where name='Logistica'), null, 'GROUP', (select id from workflowstate where code='validare_logisitca' and temp_workflow_id_=(select id from workflow where name='UAT Local - Decizie deplasare')), (select id from workflowstate where code='completare_metadate_decizie_deplasare' and temp_workflow_id_=(select id from workflow where name='UAT Local - Decizie deplasare')), (select id from workflow where name='UAT Local - Decizie deplasare'));
INSERT INTO workflowtransition (id, available_4_auto_actions_only, deadlineaction, deadlineactiontype, deadlinenotifyresendinterval, deadlineperiod, name, routingcondition, routingdestinationid, routingdestinationparameter, routingtype, finalstate_id, startstate_id, workflow_id) VALUES (nextval('HIBERNATE_SEQUENCE'), FALSE, FALSE, null, null, null, 'Decizie deplasare respinsa DEPR', '{status_decizie_aprobator_depr} =~ ''.*#respins#.*''', null, 'aprobator_depr', 'PARAMETER', (select id from workflowstate where code='adaugare_comentariu_decizie_deplasare_respinsa_depr' and temp_workflow_id_=(select id from workflow where name='UAT Local - Decizie deplasare')), (select id from workflowstate where code='aprobare_decizie_deplasare_depr' and temp_workflow_id_=(select id from workflow where name='UAT Local - Decizie deplasare')), (select id from workflow where name='UAT Local - Decizie deplasare'));
INSERT INTO workflowtransition (id, available_4_auto_actions_only, deadlineaction, deadlineactiontype, deadlinenotifyresendinterval, deadlineperiod, name, routingcondition, routingdestinationid, routingdestinationparameter, routingtype, finalstate_id, startstate_id, workflow_id) VALUES (nextval('HIBERNATE_SEQUENCE'), FALSE, FALSE, null, null, null, 'Decizie deplasare aprobata DEPR', '{status_decizie_aprobator_depr} =~ ''.*#aprobat#.*''', (select ORG_ENTITY_ID from edocgroup where name='Director DEIC'), null, 'GROUP', (select id from workflowstate where code='aprobare_decizie_deplasare_deic' and temp_workflow_id_=(select id from workflow where name='UAT Local - Decizie deplasare')), (select id from workflowstate where code='aprobare_decizie_deplasare_depr' and temp_workflow_id_=(select id from workflow where name='UAT Local - Decizie deplasare')), (select id from workflow where name='UAT Local - Decizie deplasare'));
INSERT INTO workflowtransition (id, available_4_auto_actions_only, deadlineaction, deadlineactiontype, deadlinenotifyresendinterval, deadlineperiod, name, routingcondition, routingdestinationid, routingdestinationparameter, routingtype, finalstate_id, startstate_id, workflow_id) VALUES (nextval('HIBERNATE_SEQUENCE'), FALSE, FALSE, null, null, null, 'Comentariu, atasament adaugat', null, null, null, null, (select id from workflowstate where code='decizie_deplasare_aprobata' and temp_workflow_id_=(select id from workflow where name='UAT Local - Decizie deplasare')), (select id from workflowstate where code='adaugare_comentariu_atasament' and temp_workflow_id_=(select id from workflow where name='UAT Local - Decizie deplasare')), (select id from workflow where name='UAT Local - Decizie deplasare'));
INSERT INTO workflowtransition (id, available_4_auto_actions_only, deadlineaction, deadlineactiontype, deadlinenotifyresendinterval, deadlineperiod, name, routingcondition, routingdestinationid, routingdestinationparameter, routingtype, finalstate_id, startstate_id, workflow_id) VALUES (nextval('HIBERNATE_SEQUENCE'), FALSE, FALSE, null, null, null, 'Deplasare marcata in calendar actiuni ARB', '{status_decizie_aprobator_pe_bom} =~ ''.*#aprobat#.*''', null, 'initiator_decizie_deplasare', 'PARAMETER', (select id from workflowstate where code='adaugare_comentariu_atasament' and temp_workflow_id_=(select id from workflow where name='UAT Local - Decizie deplasare')), (select id from workflowstate where code='marcare_calendar_actiuni_arb' and temp_workflow_id_=(select id from workflow where name='UAT Local - Decizie deplasare')), (select id from workflow where name='UAT Local - Decizie deplasare'));
INSERT INTO workflowtransition (id, available_4_auto_actions_only, deadlineaction, deadlineactiontype, deadlinenotifyresendinterval, deadlineperiod, name, routingcondition, routingdestinationid, routingdestinationparameter, routingtype, finalstate_id, startstate_id, workflow_id) VALUES (nextval('HIBERNATE_SEQUENCE'), FALSE, FALSE, null, null, null, 'Comentariu adaugat - decizie deplasare respinsa DEIC', null, null, null, null, (select id from workflowstate where code='decizie_deplasare_respinsa_deic' and temp_workflow_id_=(select id from workflow where name='UAT Local - Decizie deplasare')), (select id from workflowstate where code='adaugare_comentariu_decizie_deplasare_respinsa_deic' and temp_workflow_id_=(select id from workflow where name='UAT Local - Decizie deplasare')), (select id from workflow where name='UAT Local - Decizie deplasare'));
WITH notificationRow AS (
	INSERT INTO transition_notifications (id, transition_id, email_subject_template, email_content_template) VALUES (nextval('HIBERNATE_SEQUENCE'), (select id from workflowtransition where name='Comentariu adaugat - decizie deplasare respinsa DEIC' and workflow_id=(select id from workflow where name='UAT Local - Decizie deplasare')), 'Refuz decizie depasare', 'Sunteti informat ca decizia pentru deplasarea la {organism} - {comitet} in perioada {data_inceput} - {data_sfarsit} a fost refuzata de {aprobator_deic}')
	RETURNING id
) INSERT INTO sup_of_user_mtadta_trans_notif (notification_id, metadata_name) VALUES ((select id from notificationRow), 'initiator_decizie_deplasare');
WITH notificationRow AS (
	INSERT INTO transition_notifications (id, transition_id, email_subject_template, email_content_template) VALUES (nextval('HIBERNATE_SEQUENCE'), (select id from workflowtransition where name='Comentariu adaugat - decizie deplasare respinsa DEIC' and workflow_id=(select id from workflow where name='UAT Local - Decizie deplasare')), 'Refuz decizie depasare', 'Sunteti informat ca decizia pentru deplasarea la {organism} - {comitet} in perioada {data_inceput} - {data_sfarsit} a fost refuzata de {aprobator_deic}')
	RETURNING id
) INSERT INTO sup_of_user_mtadta_trans_notif (notification_id, metadata_name) VALUES ((select id from notificationRow), 'aprobator_depr');
WITH notificationRow AS (
	INSERT INTO transition_notifications (id, transition_id, email_subject_template, email_content_template) VALUES (nextval('HIBERNATE_SEQUENCE'), (select id from workflowtransition where name='Comentariu adaugat - decizie deplasare respinsa DEIC' and workflow_id=(select id from workflow where name='UAT Local - Decizie deplasare')), 'Refuz decizie depasare', 'Sunteti informat ca decizia pentru deplasarea la {organism} - {comitet} in perioada {data_inceput} - {data_sfarsit} a fost refuzata de {aprobator_deic}')
	RETURNING id
) INSERT INTO sup_of_user_mtadta_trans_notif (notification_id, metadata_name) VALUES ((select id from notificationRow), 'aprobator_logistica');

INSERT INTO workflowtransition (id, available_4_auto_actions_only, deadlineaction, deadlineactiontype, deadlinenotifyresendinterval, deadlineperiod, name, routingcondition, routingdestinationid, routingdestinationparameter, routingtype, finalstate_id, startstate_id, workflow_id) VALUES (nextval('HIBERNATE_SEQUENCE'), FALSE, FALSE, null, null, null, 'Decizie deplasare respinsa PE BOM', '{status_decizie_aprobator_pe_bom} =~ ''.*#respins#.*''', null, 'aprobator_pe_bom', 'PARAMETER', (select id from workflowstate where code='adaugare_comentariu_decizie_deplasare_respinsa_pe_bom' and temp_workflow_id_=(select id from workflow where name='UAT Local - Decizie deplasare')), (select id from workflowstate where code='aprobare_decizie_deplasare_pe_bom' and temp_workflow_id_=(select id from workflow where name='UAT Local - Decizie deplasare')), (select id from workflow where name='UAT Local - Decizie deplasare'));
INSERT INTO workflowtransition (id, available_4_auto_actions_only, deadlineaction, deadlineactiontype, deadlinenotifyresendinterval, deadlineperiod, name, routingcondition, routingdestinationid, routingdestinationparameter, routingtype, finalstate_id, startstate_id, workflow_id) VALUES (nextval('HIBERNATE_SEQUENCE'), FALSE, FALSE, null, null, null, 'Comentariu adaugat - decizie deplasare respinsa PE BOM', null, null, null, null, (select id from workflowstate where code='decizie_deplasare_respinsa_pe_bom' and temp_workflow_id_=(select id from workflow where name='UAT Local - Decizie deplasare')), (select id from workflowstate where code='adaugare_comentariu_decizie_deplasare_respinsa_pe_bom' and temp_workflow_id_=(select id from workflow where name='UAT Local - Decizie deplasare')), (select id from workflow where name='UAT Local - Decizie deplasare'));
WITH notificationRow AS (
	INSERT INTO transition_notifications (id, transition_id, email_subject_template, email_content_template) VALUES (nextval('HIBERNATE_SEQUENCE'), (select id from workflowtransition where name='Comentariu adaugat - decizie deplasare respinsa PE BOM' and workflow_id=(select id from workflow where name='UAT Local - Decizie deplasare')), 'Refuz decizie depasare', 'Sunteti informat ca decizia pentru deplasarea la {organism} - {comitet} in perioada {data_inceput} - {data_sfarsit} a fost refuzata de {aprobator_pe_bom}')
	RETURNING id
) INSERT INTO sup_of_user_mtadta_trans_notif (notification_id, metadata_name) VALUES ((select id from notificationRow), 'aprobator_depr');
WITH notificationRow AS (
	INSERT INTO transition_notifications (id, transition_id, email_subject_template, email_content_template) VALUES (nextval('HIBERNATE_SEQUENCE'), (select id from workflowtransition where name='Comentariu adaugat - decizie deplasare respinsa PE BOM' and workflow_id=(select id from workflow where name='UAT Local - Decizie deplasare')), 'Refuz decizie depasare', 'Sunteti informat ca decizia pentru deplasarea la {organism} - {comitet} in perioada {data_inceput} - {data_sfarsit} a fost refuzata de {aprobator_pe_bom}')
	RETURNING id
) INSERT INTO sup_of_user_mtadta_trans_notif (notification_id, metadata_name) VALUES ((select id from notificationRow), 'aprobator_logistica');
WITH notificationRow AS (
	INSERT INTO transition_notifications (id, transition_id, email_subject_template, email_content_template) VALUES (nextval('HIBERNATE_SEQUENCE'), (select id from workflowtransition where name='Comentariu adaugat - decizie deplasare respinsa PE BOM' and workflow_id=(select id from workflow where name='UAT Local - Decizie deplasare')), 'Refuz decizie depasare', 'Sunteti informat ca decizia pentru deplasarea la {organism} - {comitet} in perioada {data_inceput} - {data_sfarsit} a fost refuzata de {aprobator_pe_bom}')
	RETURNING id
) INSERT INTO sup_of_user_mtadta_trans_notif (notification_id, metadata_name) VALUES ((select id from notificationRow), 'initiator_decizie_deplasare');
WITH notificationRow AS (
	INSERT INTO transition_notifications (id, transition_id, email_subject_template, email_content_template) VALUES (nextval('HIBERNATE_SEQUENCE'), (select id from workflowtransition where name='Comentariu adaugat - decizie deplasare respinsa PE BOM' and workflow_id=(select id from workflow where name='UAT Local - Decizie deplasare')), 'Refuz decizie depasare', 'Sunteti informat ca decizia pentru deplasarea la {organism} - {comitet} in perioada {data_inceput} - {data_sfarsit} a fost refuzata de {aprobator_pe_bom}')
	RETURNING id
) INSERT INTO sup_of_user_mtadta_trans_notif (notification_id, metadata_name) VALUES ((select id from notificationRow), 'aprobator_deic');

INSERT INTO workflowtransition (id, available_4_auto_actions_only, deadlineaction, deadlineactiontype, deadlinenotifyresendinterval, deadlineperiod, name, routingcondition, routingdestinationid, routingdestinationparameter, routingtype, finalstate_id, startstate_id, workflow_id) VALUES (nextval('HIBERNATE_SEQUENCE'), FALSE, FALSE, null, null, null, 'Comentariu adaugat - decizie deplasare respinsa DEPR', null, null, null, null, (select id from workflowstate where code='decizie_deplasare_respinsa_depr' and temp_workflow_id_=(select id from workflow where name='UAT Local - Decizie deplasare')), (select id from workflowstate where code='adaugare_comentariu_decizie_deplasare_respinsa_depr' and temp_workflow_id_=(select id from workflow where name='UAT Local - Decizie deplasare')), (select id from workflow where name='UAT Local - Decizie deplasare'));
WITH notificationRow AS (
	INSERT INTO transition_notifications (id, transition_id, email_subject_template, email_content_template) VALUES (nextval('HIBERNATE_SEQUENCE'), (select id from workflowtransition where name='Comentariu adaugat - decizie deplasare respinsa DEPR' and workflow_id=(select id from workflow where name='UAT Local - Decizie deplasare')), 'Refuz decizie depasare', 'Sunteti informat ca decizia pentru deplasarea la {organism} - {comitet} in perioada {data_inceput} - {data_sfarsit} a fost refuzata de {aprobator_depr}')
	RETURNING id
) INSERT INTO sup_of_user_mtadta_trans_notif (notification_id, metadata_name) VALUES ((select id from notificationRow), 'initiator_decizie_deplasare');
WITH notificationRow AS (
	INSERT INTO transition_notifications (id, transition_id, email_subject_template, email_content_template) VALUES (nextval('HIBERNATE_SEQUENCE'), (select id from workflowtransition where name='Comentariu adaugat - decizie deplasare respinsa DEPR' and workflow_id=(select id from workflow where name='UAT Local - Decizie deplasare')), 'Refuz decizie depasare', 'Sunteti informat ca decizia pentru deplasarea la {organism} - {comitet} in perioada {data_inceput} - {data_sfarsit} a fost refuzata de {aprobator_depr}')
	RETURNING id
) INSERT INTO sup_of_user_mtadta_trans_notif (notification_id, metadata_name) VALUES ((select id from notificationRow), 'aprobator_logistica');

INSERT INTO workflowtransition (id, available_4_auto_actions_only, deadlineaction, deadlineactiontype, deadlinenotifyresendinterval, deadlineperiod, name, routingcondition, routingdestinationid, routingdestinationparameter, routingtype, finalstate_id, startstate_id, workflow_id) VALUES (nextval('HIBERNATE_SEQUENCE'), FALSE, FALSE, null, null, null, 'Decizie deplasare validata Logistica', '{status_validare_logistica} =~ ''.*#validat#.*''', (select ORG_ENTITY_ID from edocgroup where name='Director DEPR'), null, 'GROUP', (select id from workflowstate where code='aprobare_decizie_deplasare_depr' and temp_workflow_id_=(select id from workflow where name='UAT Local - Decizie deplasare')), (select id from workflowstate where code='validare_logisitca' and temp_workflow_id_=(select id from workflow where name='UAT Local - Decizie deplasare')), (select id from workflow where name='UAT Local - Decizie deplasare'));
INSERT INTO workflowtransition (id, available_4_auto_actions_only, deadlineaction, deadlineactiontype, deadlinenotifyresendinterval, deadlineperiod, name, routingcondition, routingdestinationid, routingdestinationparameter, routingtype, finalstate_id, startstate_id, workflow_id) VALUES (nextval('HIBERNATE_SEQUENCE'), FALSE, FALSE, null, null, null, 'Decizie deplasare aprobata PE BOM', '{status_decizie_aprobator_pe_bom} =~ ''.*#aprobat#.*''', null, null, 'INITIATOR', (select id from workflowstate where code='marcare_calendar_actiuni_arb' and temp_workflow_id_=(select id from workflow where name='UAT Local - Decizie deplasare')), (select id from workflowstate where code='aprobare_decizie_deplasare_pe_bom' and temp_workflow_id_=(select id from workflow where name='UAT Local - Decizie deplasare')), (select id from workflow where name='UAT Local - Decizie deplasare'));
INSERT INTO workflowtransition (id, available_4_auto_actions_only, deadlineaction, deadlineactiontype, deadlinenotifyresendinterval, deadlineperiod, name, routingcondition, routingdestinationid, routingdestinationparameter, routingtype, finalstate_id, startstate_id, workflow_id) VALUES (nextval('HIBERNATE_SEQUENCE'), FALSE, FALSE, null, null, null, 'Decizie deplasare respinsa DEIC', '{status_decizie_aprobator_deic} =~ ''.*#respins#.*''', null, 'aprobator_deic', 'PARAMETER', (select id from workflowstate where code='adaugare_comentariu_decizie_deplasare_respinsa_deic' and temp_workflow_id_=(select id from workflow where name='UAT Local - Decizie deplasare')), (select id from workflowstate where code='aprobare_decizie_deplasare_deic' and temp_workflow_id_=(select id from workflow where name='UAT Local - Decizie deplasare')), (select id from workflow where name='UAT Local - Decizie deplasare'));
INSERT INTO workflowtransition (id, available_4_auto_actions_only, deadlineaction, deadlineactiontype, deadlinenotifyresendinterval, deadlineperiod, name, routingcondition, routingdestinationid, routingdestinationparameter, routingtype, finalstate_id, startstate_id, workflow_id) VALUES (nextval('HIBERNATE_SEQUENCE'), FALSE, FALSE, null, null, null, 'Decizie deplasare aprobata DEIC', '{status_decizie_aprobator_deic} =~ ''.*#aprobat#.*''', (select ORG_ENTITY_ID from edocgroup where name='PE BOM'), null, 'GROUP', (select id from workflowstate where code='aprobare_decizie_deplasare_pe_bom' and temp_workflow_id_=(select id from workflow where name='UAT Local - Decizie deplasare')), (select id from workflowstate where code='aprobare_decizie_deplasare_deic' and temp_workflow_id_=(select id from workflow where name='UAT Local - Decizie deplasare')), (select id from workflow where name='UAT Local - Decizie deplasare'));
INSERT INTO workflowtransition (id, available_4_auto_actions_only, deadlineaction, deadlineactiontype, deadlinenotifyresendinterval, deadlineperiod, name, routingcondition, routingdestinationid, routingdestinationparameter, routingtype, finalstate_id, startstate_id, workflow_id) VALUES (nextval('HIBERNATE_SEQUENCE'), FALSE, FALSE, null, null, null, 'Comentariu adaugat -  decizie deplasare invalidata Logisitca', null, null, null, null, (select id from workflowstate where code='decizie_deplasare_invalidata_logistica' and temp_workflow_id_=(select id from workflow where name='UAT Local - Decizie deplasare')), (select id from workflowstate where code='adaugare_comentariu_decizie_deplasare_invalidata_logisitca' and temp_workflow_id_=(select id from workflow where name='UAT Local - Decizie deplasare')), (select id from workflow where name='UAT Local - Decizie deplasare'));
WITH notificationRow AS (
	INSERT INTO transition_notifications (id, transition_id, email_subject_template, email_content_template) VALUES (nextval('HIBERNATE_SEQUENCE'), (select id from workflowtransition where name='Comentariu adaugat -  decizie deplasare invalidata Logisitca' and workflow_id=(select id from workflow where name='UAT Local - Decizie deplasare')), 'Refuz decizie depasare', 'Sunteti informat ca decizia pentru deplasarea la {organism} - {comitet} in perioada {data_inceput} - {data_sfarsit} a fost refuzata de {aprobator_logistica}')
	RETURNING id
) INSERT INTO sup_of_user_mtadta_trans_notif (notification_id, metadata_name) VALUES ((select id from notificationRow), 'initiator_decizie_deplasare');

-- Workflow < UAT Local - Decizie deplasare

-- Workflow > UAT Local - Decizie rechemare
INSERT INTO workflow (id, description, name, processdefinitionid, version_number, base_version_id, source_version_id) VALUES (nextval('HIBERNATE_SEQUENCE'), null, 'UAT Local - Decizie rechemare', null, 1, null, null);

INSERT INTO workflow_doc_type (workflow_id, document_type_id) VALUES ((select id from workflow where name='UAT Local - Decizie rechemare'), (select id from documenttype where name='UAT Local - Decizie rechemare'));

INSERT INTO workflowstate (id, attachmentspermission, code, name, statetype, automaticrunning, classpath, temp_workflow_id_) VALUES (nextval('HIBERNATE_SEQUENCE'), 3, 'actualizare_zile_concediu', 'Actualizare zile concediu', 2, FALSE, null, (select id from workflow where name='UAT Local - Decizie rechemare'));
INSERT INTO workflowstate (id, attachmentspermission, code, name, statetype, automaticrunning, classpath, temp_workflow_id_) VALUES (nextval('HIBERNATE_SEQUENCE'), 3, 'adaugare_comentariu_decizie_rechemare_respinsa', 'Adaugare comentariu decizie rechemare respinsa', 2, FALSE, null, (select id from workflow where name='UAT Local - Decizie rechemare'));
INSERT INTO workflowstate (id, attachmentspermission, code, name, statetype, automaticrunning, classpath, temp_workflow_id_) VALUES (nextval('HIBERNATE_SEQUENCE'), 3, 'aprobare_decizie_rechemare_pe_bom', 'Aprobare decizie rechemare Presedinte BOM', 2, FALSE, null, (select id from workflow where name='UAT Local - Decizie rechemare'));
INSERT INTO workflowstate (id, attachmentspermission, code, name, statetype, automaticrunning, classpath, temp_workflow_id_) VALUES (nextval('HIBERNATE_SEQUENCE'), 3, 'decizie_rechemare_aprobata', 'Decizie rechemare aprobata', 3, FALSE, null, (select id from workflow where name='UAT Local - Decizie rechemare'));
INSERT INTO workflowstate (id, attachmentspermission, code, name, statetype, automaticrunning, classpath, temp_workflow_id_) VALUES (nextval('HIBERNATE_SEQUENCE'), 3, 'decizie_rechemare_respinsa', 'Decizie rechemare respinsa', 3, FALSE, null, (select id from workflow where name='UAT Local - Decizie rechemare'));
INSERT INTO workflowstate (id, attachmentspermission, code, name, statetype, automaticrunning, classpath, temp_workflow_id_) VALUES (nextval('HIBERNATE_SEQUENCE'), 3, 'initiere_decizie_rechemare_completare_metadate', 'Initiere decizie rechemare si completare metadate', 1, FALSE, null, (select id from workflow where name='UAT Local - Decizie rechemare'));
INSERT INTO workflowstate (id, attachmentspermission, code, name, statetype, automaticrunning, classpath, temp_workflow_id_) VALUES (nextval('HIBERNATE_SEQUENCE'), 3, 'marcare_rechemare_in_calendar_actiuni_arb', 'Marcare rechemare in calendar actiuni ARB', 2, TRUE, 'ro.cloudSoft.cloudDoc.services.bpm.custom.UpdateHolidayEventForUserReturning', (select id from workflow where name='UAT Local - Decizie rechemare'));
INSERT INTO workflowstate (id, attachmentspermission, code, name, statetype, automaticrunning, classpath, temp_workflow_id_) VALUES (nextval('HIBERNATE_SEQUENCE'), 3, 'stabilire_functie_initiator', 'Stabilire functie initiator', 2, TRUE, 'ro.cloudSoft.cloudDoc.services.bpm.custom.CompleteTaskByEstablishingInitiatorFunctionForHolidayReturning', (select id from workflow where name='UAT Local - Decizie rechemare'));

INSERT INTO workflowtransition (id, available_4_auto_actions_only, deadlineaction, deadlineactiontype, deadlinenotifyresendinterval, deadlineperiod, name, routingcondition, routingdestinationid, routingdestinationparameter, routingtype, finalstate_id, startstate_id, workflow_id) VALUES (nextval('HIBERNATE_SEQUENCE'), FALSE, FALSE, null, null, null, 'Initiator Presedinte BOM', null, null, null, null, (select id from workflowstate where code='marcare_rechemare_in_calendar_actiuni_arb' and temp_workflow_id_=(select id from workflow where name='UAT Local - Decizie rechemare')), (select id from workflowstate where code='stabilire_functie_initiator' and temp_workflow_id_=(select id from workflow where name='UAT Local - Decizie rechemare')), (select id from workflow where name='UAT Local - Decizie rechemare'));
INSERT INTO workflowtransition (id, available_4_auto_actions_only, deadlineaction, deadlineactiontype, deadlinenotifyresendinterval, deadlineperiod, name, routingcondition, routingdestinationid, routingdestinationparameter, routingtype, finalstate_id, startstate_id, workflow_id) VALUES (nextval('HIBERNATE_SEQUENCE'), FALSE, FALSE, null, null, null, 'Zile concediu actualizate', null, null, null, null, (select id from workflowstate where code='decizie_rechemare_aprobata' and temp_workflow_id_=(select id from workflow where name='UAT Local - Decizie rechemare')), (select id from workflowstate where code='actualizare_zile_concediu' and temp_workflow_id_=(select id from workflow where name='UAT Local - Decizie rechemare')), (select id from workflow where name='UAT Local - Decizie rechemare'));
INSERT INTO workflowtransition (id, available_4_auto_actions_only, deadlineaction, deadlineactiontype, deadlinenotifyresendinterval, deadlineperiod, name, routingcondition, routingdestinationid, routingdestinationparameter, routingtype, finalstate_id, startstate_id, workflow_id) VALUES (nextval('HIBERNATE_SEQUENCE'), FALSE, FALSE, null, null, null, 'Decizie rechemare initiata si metadate completate', null, null, null, null, (select id from workflowstate where code='stabilire_functie_initiator' and temp_workflow_id_=(select id from workflow where name='UAT Local - Decizie rechemare')), (select id from workflowstate where code='initiere_decizie_rechemare_completare_metadate' and temp_workflow_id_=(select id from workflow where name='UAT Local - Decizie rechemare')), (select id from workflow where name='UAT Local - Decizie rechemare'));
INSERT INTO workflowtransition (id, available_4_auto_actions_only, deadlineaction, deadlineactiontype, deadlinenotifyresendinterval, deadlineperiod, name, routingcondition, routingdestinationid, routingdestinationparameter, routingtype, finalstate_id, startstate_id, workflow_id) VALUES (nextval('HIBERNATE_SEQUENCE'), FALSE, FALSE, null, null, null, 'Comentariu decizie rechemare respinsa adaugat', null, null, null, null, (select id from workflowstate where code='decizie_rechemare_respinsa' and temp_workflow_id_=(select id from workflow where name='UAT Local - Decizie rechemare')), (select id from workflowstate where code='adaugare_comentariu_decizie_rechemare_respinsa' and temp_workflow_id_=(select id from workflow where name='UAT Local - Decizie rechemare')), (select id from workflow where name='UAT Local - Decizie rechemare'));
INSERT INTO workflowtransition (id, available_4_auto_actions_only, deadlineaction, deadlineactiontype, deadlinenotifyresendinterval, deadlineperiod, name, routingcondition, routingdestinationid, routingdestinationparameter, routingtype, finalstate_id, startstate_id, workflow_id) VALUES (nextval('HIBERNATE_SEQUENCE'), FALSE, FALSE, null, null, null, 'Decizie rechemare aprobata', null, null, null, null, (select id from workflowstate where code='marcare_rechemare_in_calendar_actiuni_arb' and temp_workflow_id_=(select id from workflow where name='UAT Local - Decizie rechemare')), (select id from workflowstate where code='aprobare_decizie_rechemare_pe_bom' and temp_workflow_id_=(select id from workflow where name='UAT Local - Decizie rechemare')), (select id from workflow where name='UAT Local - Decizie rechemare'));
INSERT INTO workflowtransition (id, available_4_auto_actions_only, deadlineaction, deadlineactiontype, deadlinenotifyresendinterval, deadlineperiod, name, routingcondition, routingdestinationid, routingdestinationparameter, routingtype, finalstate_id, startstate_id, workflow_id) VALUES (nextval('HIBERNATE_SEQUENCE'), FALSE, FALSE, null, null, null, 'Decizie rechemare respinsa', null, null, 'presedinte_aprobator', 'PARAMETER', (select id from workflowstate where code='adaugare_comentariu_decizie_rechemare_respinsa' and temp_workflow_id_=(select id from workflow where name='UAT Local - Decizie rechemare')), (select id from workflowstate where code='aprobare_decizie_rechemare_pe_bom' and temp_workflow_id_=(select id from workflow where name='UAT Local - Decizie rechemare')), (select id from workflow where name='UAT Local - Decizie rechemare'));
INSERT INTO workflowtransition (id, available_4_auto_actions_only, deadlineaction, deadlineactiontype, deadlinenotifyresendinterval, deadlineperiod, name, routingcondition, routingdestinationid, routingdestinationparameter, routingtype, finalstate_id, startstate_id, workflow_id) VALUES (nextval('HIBERNATE_SEQUENCE'), FALSE, FALSE, null, null, null, 'Initiator Director executiv', null, null, null, 'INITIATOR', (select id from workflowstate where code='aprobare_decizie_rechemare_pe_bom' and temp_workflow_id_=(select id from workflow where name='UAT Local - Decizie rechemare')), (select id from workflowstate where code='stabilire_functie_initiator' and temp_workflow_id_=(select id from workflow where name='UAT Local - Decizie rechemare')), (select id from workflow where name='UAT Local - Decizie rechemare'));
INSERT INTO workflowtransition (id, available_4_auto_actions_only, deadlineaction, deadlineactiontype, deadlinenotifyresendinterval, deadlineperiod, name, routingcondition, routingdestinationid, routingdestinationparameter, routingtype, finalstate_id, startstate_id, workflow_id) VALUES (nextval('HIBERNATE_SEQUENCE'), FALSE, FALSE, null, null, null, 'Rechemare marcata in calendar actiuni ARB', null, null, null, 'INITIATOR', (select id from workflowstate where code='actualizare_zile_concediu' and temp_workflow_id_=(select id from workflow where name='UAT Local - Decizie rechemare')), (select id from workflowstate where code='marcare_rechemare_in_calendar_actiuni_arb' and temp_workflow_id_=(select id from workflow where name='UAT Local - Decizie rechemare')), (select id from workflow where name='UAT Local - Decizie rechemare'));
-- Workflow < UAT Local - Decizie rechemare

-- Workflow > UAT Local - Minuta sedinta Comisie GL
INSERT INTO workflow (id, description, name, processdefinitionid, version_number, base_version_id, source_version_id) VALUES (nextval('HIBERNATE_SEQUENCE'), null, 'UAT Local - Minuta sedinta Comisie GL', null, 1, null, null);

INSERT INTO workflow_doc_type (workflow_id, document_type_id) VALUES ((select id from workflow where name='UAT Local - Minuta sedinta Comisie GL'), (select id from documenttype where name='UAT Local - Minuta sedinta Comisie GL'));

INSERT INTO workflowstate (id, attachmentspermission, code, name, statetype, automaticrunning, classpath, temp_workflow_id_) VALUES (nextval('HIBERNATE_SEQUENCE'), 3, 'adaugare_comentariu_atasament', 'Adaugare comentariu, atasament', 2, FALSE, null, (select id from workflow where name='UAT Local - Minuta sedinta Comisie GL'));
INSERT INTO workflowstate (id, attachmentspermission, code, name, statetype, automaticrunning, classpath, temp_workflow_id_) VALUES (nextval('HIBERNATE_SEQUENCE'), 0, 'asignare_initiere_task', 'Asignare si initiere task', 1, FALSE, null, (select id from workflow where name='UAT Local - Minuta sedinta Comisie GL'));
INSERT INTO workflowstate (id, attachmentspermission, code, name, statetype, automaticrunning, classpath, temp_workflow_id_) VALUES (nextval('HIBERNATE_SEQUENCE'), 0, 'completare_metadate_minuta', 'Completare metadate minuta', 2, FALSE, null, (select id from workflow where name='UAT Local - Minuta sedinta Comisie GL'));
INSERT INTO workflowstate (id, attachmentspermission, code, name, statetype, automaticrunning, classpath, temp_workflow_id_) VALUES (nextval('HIBERNATE_SEQUENCE'), 0, 'corectie_minuta', 'Corectie minuta', 2, FALSE, null, (select id from workflow where name='UAT Local - Minuta sedinta Comisie GL'));
INSERT INTO workflowstate (id, attachmentspermission, code, name, statetype, automaticrunning, classpath, temp_workflow_id_) VALUES (nextval('HIBERNATE_SEQUENCE'), 0, 'minuta_finalizata', 'Minuta finalizata', 3, FALSE, null, (select id from workflow where name='UAT Local - Minuta sedinta Comisie GL'));
INSERT INTO workflowstate (id, attachmentspermission, code, name, statetype, automaticrunning, classpath, temp_workflow_id_) VALUES (nextval('HIBERNATE_SEQUENCE'), 0, 'verificare_minuta', 'Verificare minuta', 2, FALSE, null, (select id from workflow where name='UAT Local - Minuta sedinta Comisie GL'));

INSERT INTO workflowtransition (id, available_4_auto_actions_only, deadlineaction, deadlineactiontype, deadlinenotifyresendinterval, deadlineperiod, name, routingcondition, routingdestinationid, routingdestinationparameter, routingtype, finalstate_id, startstate_id, workflow_id) VALUES (nextval('HIBERNATE_SEQUENCE'), FALSE, FALSE, null, null, null, 'Minuta verificata - corectie necesara', '{corectie_necesara} =~ ''.*#da#.*''', null, 'initiator_minuta', 'PARAMETER', (select id from workflowstate where code='corectie_minuta' and temp_workflow_id_=(select id from workflow where name='UAT Local - Minuta sedinta Comisie GL')), (select id from workflowstate where code='verificare_minuta' and temp_workflow_id_=(select id from workflow where name='UAT Local - Minuta sedinta Comisie GL')), (select id from workflow where name='UAT Local - Minuta sedinta Comisie GL'));
INSERT INTO workflowtransition (id, available_4_auto_actions_only, deadlineaction, deadlineactiontype, deadlinenotifyresendinterval, deadlineperiod, name, routingcondition, routingdestinationid, routingdestinationparameter, routingtype, finalstate_id, startstate_id, workflow_id) VALUES (nextval('HIBERNATE_SEQUENCE'), FALSE, FALSE, null, null, null, 'Minuta corectata', null, null, 'user_validator', 'PARAMETER', (select id from workflowstate where code='verificare_minuta' and temp_workflow_id_=(select id from workflow where name='UAT Local - Minuta sedinta Comisie GL')), (select id from workflowstate where code='corectie_minuta' and temp_workflow_id_=(select id from workflow where name='UAT Local - Minuta sedinta Comisie GL')), (select id from workflow where name='UAT Local - Minuta sedinta Comisie GL'));
INSERT INTO workflowtransition (id, available_4_auto_actions_only, deadlineaction, deadlineactiontype, deadlinenotifyresendinterval, deadlineperiod, name, routingcondition, routingdestinationid, routingdestinationparameter, routingtype, finalstate_id, startstate_id, workflow_id) VALUES (nextval('HIBERNATE_SEQUENCE'), FALSE, FALSE, null, null, null, 'Minuta verificata - nu necesita corectii', '{corectie_necesara} =~ ''.*#nu#.*''', null, 'initiator_minuta', 'PARAMETER', (select id from workflowstate where code='adaugare_comentariu_atasament' and temp_workflow_id_=(select id from workflow where name='UAT Local - Minuta sedinta Comisie GL')), (select id from workflowstate where code='verificare_minuta' and temp_workflow_id_=(select id from workflow where name='UAT Local - Minuta sedinta Comisie GL')), (select id from workflow where name='UAT Local - Minuta sedinta Comisie GL'));
INSERT INTO workflowtransition (id, available_4_auto_actions_only, deadlineaction, deadlineactiontype, deadlinenotifyresendinterval, deadlineperiod, name, routingcondition, routingdestinationid, routingdestinationparameter, routingtype, finalstate_id, startstate_id, workflow_id) VALUES (nextval('HIBERNATE_SEQUENCE'), FALSE, FALSE, null, null, null, 'Task completare Minuta asignat si initiat', null, null, 'initiator_minuta', 'PARAMETER', (select id from workflowstate where code='completare_metadate_minuta' and temp_workflow_id_=(select id from workflow where name='UAT Local - Minuta sedinta Comisie GL')), (select id from workflowstate where code='asignare_initiere_task' and temp_workflow_id_=(select id from workflow where name='UAT Local - Minuta sedinta Comisie GL')), (select id from workflow where name='UAT Local - Minuta sedinta Comisie GL'));
INSERT INTO workflowtransition (id, available_4_auto_actions_only, deadlineaction, deadlineactiontype, deadlinenotifyresendinterval, deadlineperiod, name, routingcondition, routingdestinationid, routingdestinationparameter, routingtype, finalstate_id, startstate_id, workflow_id) VALUES (nextval('HIBERNATE_SEQUENCE'), FALSE, FALSE, null, null, null, 'Comentariu, atasament adaugat', null, null, null, null, (select id from workflowstate where code='minuta_finalizata' and temp_workflow_id_=(select id from workflow where name='UAT Local - Minuta sedinta Comisie GL')), (select id from workflowstate where code='adaugare_comentariu_atasament' and temp_workflow_id_=(select id from workflow where name='UAT Local - Minuta sedinta Comisie GL')), (select id from workflow where name='UAT Local - Minuta sedinta Comisie GL'));
INSERT INTO workflowtransition (id, available_4_auto_actions_only, deadlineaction, deadlineactiontype, deadlinenotifyresendinterval, deadlineperiod, name, routingcondition, routingdestinationid, routingdestinationparameter, routingtype, finalstate_id, startstate_id, workflow_id) VALUES (nextval('HIBERNATE_SEQUENCE'), FALSE, FALSE, null, null, null, 'Metadate Minuta completate', null, null, 'user_validator', 'PARAMETER', (select id from workflowstate where code='verificare_minuta' and temp_workflow_id_=(select id from workflow where name='UAT Local - Minuta sedinta Comisie GL')), (select id from workflowstate where code='completare_metadate_minuta' and temp_workflow_id_=(select id from workflow where name='UAT Local - Minuta sedinta Comisie GL')), (select id from workflow where name='UAT Local - Minuta sedinta Comisie GL'));
-- Workflow < UAT Local - Minuta sedinta Comisie GL

-- Workflow > UAT Local - Nota CD - Directori
INSERT INTO workflow (id, description, name, processdefinitionid, version_number, base_version_id, source_version_id) VALUES (nextval('HIBERNATE_SEQUENCE'), null, 'UAT Local - Nota CD - Directori', null, 1, null, null);

INSERT INTO workflow_doc_type (workflow_id, document_type_id) VALUES ((select id from workflow where name='UAT Local - Nota CD - Directori'), (select id from documenttype where name='UAT Local - Nota CD - Directori'));

INSERT INTO workflowstate (id, attachmentspermission, code, name, statetype, automaticrunning, classpath, temp_workflow_id_) VALUES (nextval('HIBERNATE_SEQUENCE'), 3, 'adaugare_atasament', 'Adaugare nota CD ca atasament', 2, FALSE, null, (select id from workflow where name='UAT Local - Nota CD - Directori'));
INSERT INTO workflowstate (id, attachmentspermission, code, name, statetype, automaticrunning, classpath, temp_workflow_id_) VALUES (nextval('HIBERNATE_SEQUENCE'), 3, 'asignare_task_user', 'Asignare user si initiere task', 1, FALSE, null, (select id from workflow where name='UAT Local - Nota CD - Directori'));
INSERT INTO workflowstate (id, attachmentspermission, code, name, statetype, automaticrunning, classpath, temp_workflow_id_) VALUES (nextval('HIBERNATE_SEQUENCE'), 3, 'completare_metadate', 'Completare metadate Nota CD', 2, FALSE, null, (select id from workflow where name='UAT Local - Nota CD - Directori'));
INSERT INTO workflowstate (id, attachmentspermission, code, name, statetype, automaticrunning, classpath, temp_workflow_id_) VALUES (nextval('HIBERNATE_SEQUENCE'), 0, 'corectie_nota_cd', 'Corectie Nota CD', 2, FALSE, null, (select id from workflow where name='UAT Local - Nota CD - Directori'));
INSERT INTO workflowstate (id, attachmentspermission, code, name, statetype, automaticrunning, classpath, temp_workflow_id_) VALUES (nextval('HIBERNATE_SEQUENCE'), 0, 'finalizare_nota_cd', 'Finalizare Nota CD', 3, FALSE, null, (select id from workflow where name='UAT Local - Nota CD - Directori'));
INSERT INTO workflowstate (id, attachmentspermission, code, name, statetype, automaticrunning, classpath, temp_workflow_id_) VALUES (nextval('HIBERNATE_SEQUENCE'), 3, 'verificare_nota_cd', 'Verificare Nota CD', 2, FALSE, null, (select id from workflow where name='UAT Local - Nota CD - Directori'));

INSERT INTO workflowtransition (id, available_4_auto_actions_only, deadlineaction, deadlineactiontype, deadlinenotifyresendinterval, deadlineperiod, name, routingcondition, routingdestinationid, routingdestinationparameter, routingtype, finalstate_id, startstate_id, workflow_id) VALUES (nextval('HIBERNATE_SEQUENCE'), FALSE, FALSE, null, null, null, 'Nota CD verificata - corectie necesara', '{corectie_necesara} =~ ''.*#da#.*''', null, 'initiator_nota_cd', 'PARAMETER', (select id from workflowstate where code='corectie_nota_cd' and temp_workflow_id_=(select id from workflow where name='UAT Local - Nota CD - Directori')), (select id from workflowstate where code='verificare_nota_cd' and temp_workflow_id_=(select id from workflow where name='UAT Local - Nota CD - Directori')), (select id from workflow where name='UAT Local - Nota CD - Directori'));
INSERT INTO workflowtransition (id, available_4_auto_actions_only, deadlineaction, deadlineactiontype, deadlinenotifyresendinterval, deadlineperiod, name, routingcondition, routingdestinationid, routingdestinationparameter, routingtype, finalstate_id, startstate_id, workflow_id) VALUES (nextval('HIBERNATE_SEQUENCE'), FALSE, FALSE, null, null, null, 'Nota CD atasata', null, null, null, null, (select id from workflowstate where code='finalizare_nota_cd' and temp_workflow_id_=(select id from workflow where name='UAT Local - Nota CD - Directori')), (select id from workflowstate where code='adaugare_atasament' and temp_workflow_id_=(select id from workflow where name='UAT Local - Nota CD - Directori')), (select id from workflow where name='UAT Local - Nota CD - Directori'));
INSERT INTO workflowtransition (id, available_4_auto_actions_only, deadlineaction, deadlineactiontype, deadlinenotifyresendinterval, deadlineperiod, name, routingcondition, routingdestinationid, routingdestinationparameter, routingtype, finalstate_id, startstate_id, workflow_id) VALUES (nextval('HIBERNATE_SEQUENCE'), FALSE, FALSE, null, null, null, 'Nota CD verificata - nu necesita corectii', '{corectie_necesara} =~ ''.*#nu#.*''', null, 'initiator_nota_cd', 'PARAMETER', (select id from workflowstate where code='adaugare_atasament' and temp_workflow_id_=(select id from workflow where name='UAT Local - Nota CD - Directori')), (select id from workflowstate where code='verificare_nota_cd' and temp_workflow_id_=(select id from workflow where name='UAT Local - Nota CD - Directori')), (select id from workflow where name='UAT Local - Nota CD - Directori'));
INSERT INTO workflowtransition (id, available_4_auto_actions_only, deadlineaction, deadlineactiontype, deadlinenotifyresendinterval, deadlineperiod, name, routingcondition, routingdestinationid, routingdestinationparameter, routingtype, finalstate_id, startstate_id, workflow_id) VALUES (nextval('HIBERNATE_SEQUENCE'), FALSE, FALSE, null, null, null, 'Metadate completate', null, null, 'user_validator', 'PARAMETER', (select id from workflowstate where code='verificare_nota_cd' and temp_workflow_id_=(select id from workflow where name='UAT Local - Nota CD - Directori')), (select id from workflowstate where code='completare_metadate' and temp_workflow_id_=(select id from workflow where name='UAT Local - Nota CD - Directori')), (select id from workflow where name='UAT Local - Nota CD - Directori'));
INSERT INTO workflowtransition (id, available_4_auto_actions_only, deadlineaction, deadlineactiontype, deadlinenotifyresendinterval, deadlineperiod, name, routingcondition, routingdestinationid, routingdestinationparameter, routingtype, finalstate_id, startstate_id, workflow_id) VALUES (nextval('HIBERNATE_SEQUENCE'), FALSE, FALSE, null, null, null, 'Nota CD corectata', null, null, 'user_validator', 'PARAMETER', (select id from workflowstate where code='verificare_nota_cd' and temp_workflow_id_=(select id from workflow where name='UAT Local - Nota CD - Directori')), (select id from workflowstate where code='corectie_nota_cd' and temp_workflow_id_=(select id from workflow where name='UAT Local - Nota CD - Directori')), (select id from workflow where name='UAT Local - Nota CD - Directori'));
INSERT INTO workflowtransition (id, available_4_auto_actions_only, deadlineaction, deadlineactiontype, deadlinenotifyresendinterval, deadlineperiod, name, routingcondition, routingdestinationid, routingdestinationparameter, routingtype, finalstate_id, startstate_id, workflow_id) VALUES (nextval('HIBERNATE_SEQUENCE'), FALSE, FALSE, null, null, null, 'Task asignat si initiat', null, null, 'initiator_nota_cd', 'PARAMETER', (select id from workflowstate where code='completare_metadate' and temp_workflow_id_=(select id from workflow where name='UAT Local - Nota CD - Directori')), (select id from workflowstate where code='asignare_task_user' and temp_workflow_id_=(select id from workflow where name='UAT Local - Nota CD - Directori')), (select id from workflow where name='UAT Local - Nota CD - Directori'));
-- Workflow < UAT Local - Nota CD - Directori

-- Workflow > UAT Local - Nota CD - Responsabil
INSERT INTO workflow (id, description, name, processdefinitionid, version_number, base_version_id, source_version_id) VALUES (nextval('HIBERNATE_SEQUENCE'), null, 'UAT Local - Nota CD - Responsabil', null, 1, null, null);

INSERT INTO workflow_doc_type (workflow_id, document_type_id) VALUES ((select id from workflow where name='UAT Local - Nota CD - Responsabil'), (select id from documenttype where name='UAT Local - Nota CD - Responsabil'));

INSERT INTO workflowstate (id, attachmentspermission, code, name, statetype, automaticrunning, classpath, temp_workflow_id_) VALUES (nextval('HIBERNATE_SEQUENCE'), 3, 'adaugare_atasament', 'Adaugare nota CD ca atasament', 2, FALSE, null, (select id from workflow where name='UAT Local - Nota CD - Responsabil'));
INSERT INTO workflowstate (id, attachmentspermission, code, name, statetype, automaticrunning, classpath, temp_workflow_id_) VALUES (nextval('HIBERNATE_SEQUENCE'), 3, 'asignare_task_user', 'Asignare user si initiere task', 1, FALSE, null, (select id from workflow where name='UAT Local - Nota CD - Responsabil'));
INSERT INTO workflowstate (id, attachmentspermission, code, name, statetype, automaticrunning, classpath, temp_workflow_id_) VALUES (nextval('HIBERNATE_SEQUENCE'), 3, 'completare_metadate', 'Completare metadate Nota CD', 2, FALSE, null, (select id from workflow where name='UAT Local - Nota CD - Responsabil'));
INSERT INTO workflowstate (id, attachmentspermission, code, name, statetype, automaticrunning, classpath, temp_workflow_id_) VALUES (nextval('HIBERNATE_SEQUENCE'), 0, 'corectie_nota_cd', 'Corectie Nota CD', 2, FALSE, null, (select id from workflow where name='UAT Local - Nota CD - Responsabil'));
INSERT INTO workflowstate (id, attachmentspermission, code, name, statetype, automaticrunning, classpath, temp_workflow_id_) VALUES (nextval('HIBERNATE_SEQUENCE'), 0, 'finalizare_nota_cd', 'Finalizare Nota CD', 3, FALSE, null, (select id from workflow where name='UAT Local - Nota CD - Responsabil'));
INSERT INTO workflowstate (id, attachmentspermission, code, name, statetype, automaticrunning, classpath, temp_workflow_id_) VALUES (nextval('HIBERNATE_SEQUENCE'), 0, 'stabilire_functie_initiator', 'Stabilire functie initiator', 2, TRUE, 'ro.cloudSoft.cloudDoc.services.bpm.custom.NotaCdCompleteTaskByConditionUserInGroup', (select id from workflow where name='UAT Local - Nota CD - Responsabil'));
INSERT INTO workflowstate (id, attachmentspermission, code, name, statetype, automaticrunning, classpath, temp_workflow_id_) VALUES (nextval('HIBERNATE_SEQUENCE'), 0, 'stabilire_user_validator', 'Stabilire user validator', 2, FALSE, null, (select id from workflow where name='UAT Local - Nota CD - Responsabil'));
INSERT INTO workflowstate (id, attachmentspermission, code, name, statetype, automaticrunning, classpath, temp_workflow_id_) VALUES (nextval('HIBERNATE_SEQUENCE'), 3, 'verificare_nota_cd', 'Verificare Nota CD', 2, FALSE, null, (select id from workflow where name='UAT Local - Nota CD - Responsabil'));

INSERT INTO workflowtransition (id, available_4_auto_actions_only, deadlineaction, deadlineactiontype, deadlinenotifyresendinterval, deadlineperiod, name, routingcondition, routingdestinationid, routingdestinationparameter, routingtype, finalstate_id, startstate_id, workflow_id) VALUES (nextval('HIBERNATE_SEQUENCE'), FALSE, FALSE, null, null, null, 'User validator stabilit', null, null, 'user_validator', 'PARAMETER', (select id from workflowstate where code='verificare_nota_cd' and temp_workflow_id_=(select id from workflow where name='UAT Local - Nota CD - Responsabil')), (select id from workflowstate where code='stabilire_user_validator' and temp_workflow_id_=(select id from workflow where name='UAT Local - Nota CD - Responsabil')), (select id from workflow where name='UAT Local - Nota CD - Responsabil'));
INSERT INTO workflowtransition (id, available_4_auto_actions_only, deadlineaction, deadlineactiontype, deadlinenotifyresendinterval, deadlineperiod, name, routingcondition, routingdestinationid, routingdestinationparameter, routingtype, finalstate_id, startstate_id, workflow_id) VALUES (nextval('HIBERNATE_SEQUENCE'), FALSE, FALSE, null, null, null, 'Task asignat si initiat', null, null, 'initiator_nota', 'PARAMETER', (select id from workflowstate where code='completare_metadate' and temp_workflow_id_=(select id from workflow where name='UAT Local - Nota CD - Responsabil')), (select id from workflowstate where code='asignare_task_user' and temp_workflow_id_=(select id from workflow where name='UAT Local - Nota CD - Responsabil')), (select id from workflow where name='UAT Local - Nota CD - Responsabil'));
INSERT INTO workflowtransition (id, available_4_auto_actions_only, deadlineaction, deadlineactiontype, deadlinenotifyresendinterval, deadlineperiod, name, routingcondition, routingdestinationid, routingdestinationparameter, routingtype, finalstate_id, startstate_id, workflow_id) VALUES (nextval('HIBERNATE_SEQUENCE'), FALSE, FALSE, null, null, null, 'Metadate completate - verificare superior', null, null, null, 'HIERARCHICAL_SUP', (select id from workflowstate where code='verificare_nota_cd' and temp_workflow_id_=(select id from workflow where name='UAT Local - Nota CD - Responsabil')), (select id from workflowstate where code='stabilire_functie_initiator' and temp_workflow_id_=(select id from workflow where name='UAT Local - Nota CD - Responsabil')), (select id from workflow where name='UAT Local - Nota CD - Responsabil'));
INSERT INTO workflowtransition (id, available_4_auto_actions_only, deadlineaction, deadlineactiontype, deadlinenotifyresendinterval, deadlineperiod, name, routingcondition, routingdestinationid, routingdestinationparameter, routingtype, finalstate_id, startstate_id, workflow_id) VALUES (nextval('HIBERNATE_SEQUENCE'), FALSE, FALSE, null, null, null, 'Nota CD atasata', null, null, null, null, (select id from workflowstate where code='finalizare_nota_cd' and temp_workflow_id_=(select id from workflow where name='UAT Local - Nota CD - Responsabil')), (select id from workflowstate where code='adaugare_atasament' and temp_workflow_id_=(select id from workflow where name='UAT Local - Nota CD - Responsabil')), (select id from workflow where name='UAT Local - Nota CD - Responsabil'));
INSERT INTO workflowtransition (id, available_4_auto_actions_only, deadlineaction, deadlineactiontype, deadlinenotifyresendinterval, deadlineperiod, name, routingcondition, routingdestinationid, routingdestinationparameter, routingtype, finalstate_id, startstate_id, workflow_id) VALUES (nextval('HIBERNATE_SEQUENCE'), FALSE, FALSE, null, null, null, 'Metadate completate', null, null, null, null, (select id from workflowstate where code='stabilire_functie_initiator' and temp_workflow_id_=(select id from workflow where name='UAT Local - Nota CD - Responsabil')), (select id from workflowstate where code='completare_metadate' and temp_workflow_id_=(select id from workflow where name='UAT Local - Nota CD - Responsabil')), (select id from workflow where name='UAT Local - Nota CD - Responsabil'));
INSERT INTO workflowtransition (id, available_4_auto_actions_only, deadlineaction, deadlineactiontype, deadlinenotifyresendinterval, deadlineperiod, name, routingcondition, routingdestinationid, routingdestinationparameter, routingtype, finalstate_id, startstate_id, workflow_id) VALUES (nextval('HIBERNATE_SEQUENCE'), FALSE, FALSE, null, null, null, 'Nota CD verificata - corectie necesara', '{corectie_necesara} =~ ''.*#da#.*''', null, 'initiator_nota', 'PARAMETER', (select id from workflowstate where code='corectie_nota_cd' and temp_workflow_id_=(select id from workflow where name='UAT Local - Nota CD - Responsabil')), (select id from workflowstate where code='verificare_nota_cd' and temp_workflow_id_=(select id from workflow where name='UAT Local - Nota CD - Responsabil')), (select id from workflow where name='UAT Local - Nota CD - Responsabil'));
INSERT INTO workflowtransition (id, available_4_auto_actions_only, deadlineaction, deadlineactiontype, deadlinenotifyresendinterval, deadlineperiod, name, routingcondition, routingdestinationid, routingdestinationparameter, routingtype, finalstate_id, startstate_id, workflow_id) VALUES (nextval('HIBERNATE_SEQUENCE'), FALSE, FALSE, null, null, null, 'Metadate completate - verificare director', null, null, 'initiator_nota', 'PARAMETER', (select id from workflowstate where code='stabilire_user_validator' and temp_workflow_id_=(select id from workflow where name='UAT Local - Nota CD - Responsabil')), (select id from workflowstate where code='stabilire_functie_initiator' and temp_workflow_id_=(select id from workflow where name='UAT Local - Nota CD - Responsabil')), (select id from workflow where name='UAT Local - Nota CD - Responsabil'));
INSERT INTO workflowtransition (id, available_4_auto_actions_only, deadlineaction, deadlineactiontype, deadlinenotifyresendinterval, deadlineperiod, name, routingcondition, routingdestinationid, routingdestinationparameter, routingtype, finalstate_id, startstate_id, workflow_id) VALUES (nextval('HIBERNATE_SEQUENCE'), FALSE, FALSE, null, null, null, 'Nota CD corectata', null, null, 'user_validator_preluat', 'PARAMETER', (select id from workflowstate where code='verificare_nota_cd' and temp_workflow_id_=(select id from workflow where name='UAT Local - Nota CD - Responsabil')), (select id from workflowstate where code='corectie_nota_cd' and temp_workflow_id_=(select id from workflow where name='UAT Local - Nota CD - Responsabil')), (select id from workflow where name='UAT Local - Nota CD - Responsabil'));
INSERT INTO workflowtransition (id, available_4_auto_actions_only, deadlineaction, deadlineactiontype, deadlinenotifyresendinterval, deadlineperiod, name, routingcondition, routingdestinationid, routingdestinationparameter, routingtype, finalstate_id, startstate_id, workflow_id) VALUES (nextval('HIBERNATE_SEQUENCE'), FALSE, FALSE, null, null, null, 'Nota CD verificata - nu necesita corectii', '{corectie_necesara} =~ ''.*#nu#.*''', null, 'initiator_nota', 'PARAMETER', (select id from workflowstate where code='adaugare_atasament' and temp_workflow_id_=(select id from workflow where name='UAT Local - Nota CD - Responsabil')), (select id from workflowstate where code='verificare_nota_cd' and temp_workflow_id_=(select id from workflow where name='UAT Local - Nota CD - Responsabil')), (select id from workflow where name='UAT Local - Nota CD - Responsabil'));
-- Workflow < UAT Local - Nota CD - Responsabil

-- Workflow > UAT Local - Nota PVG
INSERT INTO workflow (id, description, name, processdefinitionid, version_number, base_version_id, source_version_id) VALUES (nextval('HIBERNATE_SEQUENCE'), null, 'UAT Local - Nota PVG', null, 1, null, null);

INSERT INTO workflow_doc_type (workflow_id, document_type_id) VALUES ((select id from workflow where name='UAT Local - Nota PVG'), (select id from documenttype where name='UAT Local - Nota PVG'));

INSERT INTO workflowstate (id, attachmentspermission, code, name, statetype, automaticrunning, classpath, temp_workflow_id_) VALUES (nextval('HIBERNATE_SEQUENCE'), 3, 'adaugare_atasament', 'Adaugare nota PVG ca atasament', 2, FALSE, null, (select id from workflow where name='UAT Local - Nota PVG'));
INSERT INTO workflowstate (id, attachmentspermission, code, name, statetype, automaticrunning, classpath, temp_workflow_id_) VALUES (nextval('HIBERNATE_SEQUENCE'), 3, 'asignare_task_user', 'Asignare user si initiere task', 1, FALSE, null, (select id from workflow where name='UAT Local - Nota PVG'));
INSERT INTO workflowstate (id, attachmentspermission, code, name, statetype, automaticrunning, classpath, temp_workflow_id_) VALUES (nextval('HIBERNATE_SEQUENCE'), 3, 'completare_metadate', 'Completare metadate Nota PVG', 2, FALSE, null, (select id from workflow where name='UAT Local - Nota PVG'));
INSERT INTO workflowstate (id, attachmentspermission, code, name, statetype, automaticrunning, classpath, temp_workflow_id_) VALUES (nextval('HIBERNATE_SEQUENCE'), 0, 'corectie_nota_pvg', 'Corectie Nota PVG', 2, FALSE, null, (select id from workflow where name='UAT Local - Nota PVG'));
INSERT INTO workflowstate (id, attachmentspermission, code, name, statetype, automaticrunning, classpath, temp_workflow_id_) VALUES (nextval('HIBERNATE_SEQUENCE'), 0, 'finalizare_nota_pvg', 'Finalizare Nota PVG', 3, FALSE, null, (select id from workflow where name='UAT Local - Nota PVG'));
INSERT INTO workflowstate (id, attachmentspermission, code, name, statetype, automaticrunning, classpath, temp_workflow_id_) VALUES (nextval('HIBERNATE_SEQUENCE'), 0, 'stabilire_functie_initiator', 'Stabilire functie initiator', 2, FALSE, null, (select id from workflow where name='UAT Local - Nota PVG'));
INSERT INTO workflowstate (id, attachmentspermission, code, name, statetype, automaticrunning, classpath, temp_workflow_id_) VALUES (nextval('HIBERNATE_SEQUENCE'), 0, 'stabilire_user_validator', 'Stabilire user validator', 2, FALSE, null, (select id from workflow where name='UAT Local - Nota PVG'));
INSERT INTO workflowstate (id, attachmentspermission, code, name, statetype, automaticrunning, classpath, temp_workflow_id_) VALUES (nextval('HIBERNATE_SEQUENCE'), 3, 'verificare_nota_pvg', 'Verificare Nota PVG', 2, FALSE, null, (select id from workflow where name='UAT Local - Nota PVG'));

INSERT INTO workflowtransition (id, available_4_auto_actions_only, deadlineaction, deadlineactiontype, deadlinenotifyresendinterval, deadlineperiod, name, routingcondition, routingdestinationid, routingdestinationparameter, routingtype, finalstate_id, startstate_id, workflow_id) VALUES (nextval('HIBERNATE_SEQUENCE'), FALSE, FALSE, null, null, null, 'Task asignat si initiat', null, null, 'initiator_nota', 'PARAMETER', (select id from workflowstate where code='completare_metadate' and temp_workflow_id_=(select id from workflow where name='UAT Local - Nota PVG')), (select id from workflowstate where code='asignare_task_user' and temp_workflow_id_=(select id from workflow where name='UAT Local - Nota PVG')), (select id from workflow where name='UAT Local - Nota PVG'));
INSERT INTO workflowtransition (id, available_4_auto_actions_only, deadlineaction, deadlineactiontype, deadlinenotifyresendinterval, deadlineperiod, name, routingcondition, routingdestinationid, routingdestinationparameter, routingtype, finalstate_id, startstate_id, workflow_id) VALUES (nextval('HIBERNATE_SEQUENCE'), FALSE, FALSE, null, null, null, 'Nota PVG corectata', null, null, 'user_validator_preluat', 'PARAMETER', (select id from workflowstate where code='verificare_nota_pvg' and temp_workflow_id_=(select id from workflow where name='UAT Local - Nota PVG')), (select id from workflowstate where code='corectie_nota_pvg' and temp_workflow_id_=(select id from workflow where name='UAT Local - Nota PVG')), (select id from workflow where name='UAT Local - Nota PVG'));
INSERT INTO workflowtransition (id, available_4_auto_actions_only, deadlineaction, deadlineactiontype, deadlinenotifyresendinterval, deadlineperiod, name, routingcondition, routingdestinationid, routingdestinationparameter, routingtype, finalstate_id, startstate_id, workflow_id) VALUES (nextval('HIBERNATE_SEQUENCE'), FALSE, FALSE, null, null, null, 'Metadate completate - verificare director', null, null, 'initiator_nota', 'PARAMETER', (select id from workflowstate where code='stabilire_user_validator' and temp_workflow_id_=(select id from workflow where name='UAT Local - Nota PVG')), (select id from workflowstate where code='stabilire_functie_initiator' and temp_workflow_id_=(select id from workflow where name='UAT Local - Nota PVG')), (select id from workflow where name='UAT Local - Nota PVG'));
INSERT INTO workflowtransition (id, available_4_auto_actions_only, deadlineaction, deadlineactiontype, deadlinenotifyresendinterval, deadlineperiod, name, routingcondition, routingdestinationid, routingdestinationparameter, routingtype, finalstate_id, startstate_id, workflow_id) VALUES (nextval('HIBERNATE_SEQUENCE'), FALSE, FALSE, null, null, null, 'Metadate completate - verificare superior', null, null, null, 'HIERARCHICAL_SUP', (select id from workflowstate where code='verificare_nota_pvg' and temp_workflow_id_=(select id from workflow where name='UAT Local - Nota PVG')), (select id from workflowstate where code='stabilire_functie_initiator' and temp_workflow_id_=(select id from workflow where name='UAT Local - Nota PVG')), (select id from workflow where name='UAT Local - Nota PVG'));
INSERT INTO workflowtransition (id, available_4_auto_actions_only, deadlineaction, deadlineactiontype, deadlinenotifyresendinterval, deadlineperiod, name, routingcondition, routingdestinationid, routingdestinationparameter, routingtype, finalstate_id, startstate_id, workflow_id) VALUES (nextval('HIBERNATE_SEQUENCE'), FALSE, FALSE, null, null, null, 'Nota PVG verificata - corectie necesara', '{corectie_necesara} =~ ''.*#da#.*''', null, 'initiator_nota', 'PARAMETER', (select id from workflowstate where code='corectie_nota_pvg' and temp_workflow_id_=(select id from workflow where name='UAT Local - Nota PVG')), (select id from workflowstate where code='verificare_nota_pvg' and temp_workflow_id_=(select id from workflow where name='UAT Local - Nota PVG')), (select id from workflow where name='UAT Local - Nota PVG'));
INSERT INTO workflowtransition (id, available_4_auto_actions_only, deadlineaction, deadlineactiontype, deadlinenotifyresendinterval, deadlineperiod, name, routingcondition, routingdestinationid, routingdestinationparameter, routingtype, finalstate_id, startstate_id, workflow_id) VALUES (nextval('HIBERNATE_SEQUENCE'), FALSE, FALSE, null, null, null, 'User validator stabilit', null, null, 'user_validator', 'PARAMETER', (select id from workflowstate where code='verificare_nota_pvg' and temp_workflow_id_=(select id from workflow where name='UAT Local - Nota PVG')), (select id from workflowstate where code='stabilire_user_validator' and temp_workflow_id_=(select id from workflow where name='UAT Local - Nota PVG')), (select id from workflow where name='UAT Local - Nota PVG'));
INSERT INTO workflowtransition (id, available_4_auto_actions_only, deadlineaction, deadlineactiontype, deadlinenotifyresendinterval, deadlineperiod, name, routingcondition, routingdestinationid, routingdestinationparameter, routingtype, finalstate_id, startstate_id, workflow_id) VALUES (nextval('HIBERNATE_SEQUENCE'), FALSE, FALSE, null, null, null, 'Nota PVG atasata', null, null, null, null, (select id from workflowstate where code='finalizare_nota_pvg' and temp_workflow_id_=(select id from workflow where name='UAT Local - Nota PVG')), (select id from workflowstate where code='adaugare_atasament' and temp_workflow_id_=(select id from workflow where name='UAT Local - Nota PVG')), (select id from workflow where name='UAT Local - Nota PVG'));
INSERT INTO workflowtransition (id, available_4_auto_actions_only, deadlineaction, deadlineactiontype, deadlinenotifyresendinterval, deadlineperiod, name, routingcondition, routingdestinationid, routingdestinationparameter, routingtype, finalstate_id, startstate_id, workflow_id) VALUES (nextval('HIBERNATE_SEQUENCE'), FALSE, FALSE, null, null, null, 'Nota PVG verificata - nu necesita corectii', '{corectie_necesara} =~ ''.*#nu#.*''', null, 'initiator_nota', 'PARAMETER', (select id from workflowstate where code='adaugare_atasament' and temp_workflow_id_=(select id from workflow where name='UAT Local - Nota PVG')), (select id from workflowstate where code='verificare_nota_pvg' and temp_workflow_id_=(select id from workflow where name='UAT Local - Nota PVG')), (select id from workflow where name='UAT Local - Nota PVG'));
INSERT INTO workflowtransition (id, available_4_auto_actions_only, deadlineaction, deadlineactiontype, deadlinenotifyresendinterval, deadlineperiod, name, routingcondition, routingdestinationid, routingdestinationparameter, routingtype, finalstate_id, startstate_id, workflow_id) VALUES (nextval('HIBERNATE_SEQUENCE'), FALSE, FALSE, null, null, null, 'Metadate completate', null, null, null, null, (select id from workflowstate where code='stabilire_functie_initiator' and temp_workflow_id_=(select id from workflow where name='UAT Local - Nota PVG')), (select id from workflowstate where code='completare_metadate' and temp_workflow_id_=(select id from workflow where name='UAT Local - Nota PVG')), (select id from workflow where name='UAT Local - Nota PVG'));
-- Workflow < UAT Local - Nota PVG

-- Workflow > UAT Local - Ordine de zi CD
INSERT INTO workflow (id, description, name, processdefinitionid, version_number, base_version_id, source_version_id) VALUES (nextval('HIBERNATE_SEQUENCE'), null, 'UAT Local - Ordine de zi CD', null, 1, null, null);

INSERT INTO workflow_doc_type (workflow_id, document_type_id) VALUES ((select id from workflow where name='UAT Local - Ordine de zi CD'), (select id from documenttype where name='UAT Local - Ordine de zi CD'));

INSERT INTO workflowstate (id, attachmentspermission, code, name, statetype, automaticrunning, classpath, temp_workflow_id_) VALUES (nextval('HIBERNATE_SEQUENCE'), 3, 'asignare_initiere_task', 'Asignare si initiere task', 1, FALSE, null, (select id from workflow where name='UAT Local - Ordine de zi CD'));
INSERT INTO workflowstate (id, attachmentspermission, code, name, statetype, automaticrunning, classpath, temp_workflow_id_) VALUES (nextval('HIBERNATE_SEQUENCE'), 3, 'completare_initiala_metadate', 'Completare initiala metadate', 2, FALSE, null, (select id from workflow where name='UAT Local - Ordine de zi CD'));
INSERT INTO workflowstate (id, attachmentspermission, code, name, statetype, automaticrunning, classpath, temp_workflow_id_) VALUES (nextval('HIBERNATE_SEQUENCE'), 3, 'definitivare_ordine_de_zi', 'Definitivare Ordine de zi', 2, FALSE, null, (select id from workflow where name='UAT Local - Ordine de zi CD'));
INSERT INTO workflowstate (id, attachmentspermission, code, name, statetype, automaticrunning, classpath, temp_workflow_id_) VALUES (nextval('HIBERNATE_SEQUENCE'), 0, 'marcare_sedinta_cd_calendar_agenda', 'Marcare sedinta CD in Calendar ARB si in Agenda PE', 2, TRUE, 'ro.cloudSoft.cloudDoc.services.bpm.custom.InsertEventInCalendar', (select id from workflow where name='UAT Local - Ordine de zi CD'));
INSERT INTO workflowstate (id, attachmentspermission, code, name, statetype, automaticrunning, classpath, temp_workflow_id_) VALUES (nextval('HIBERNATE_SEQUENCE'), 0, 'ordine_de_zi_finalizata', 'Ordine de zi finalizata', 3, FALSE, null, (select id from workflow where name='UAT Local - Ordine de zi CD'));
INSERT INTO workflowstate (id, attachmentspermission, code, name, statetype, automaticrunning, classpath, temp_workflow_id_) VALUES (nextval('HIBERNATE_SEQUENCE'), 3, 'propunere_definitivare', 'Propunere definitivare', 2, FALSE, null, (select id from workflow where name='UAT Local - Ordine de zi CD'));

INSERT INTO workflowtransition (id, available_4_auto_actions_only, deadlineaction, deadlineactiontype, deadlinenotifyresendinterval, deadlineperiod, name, routingcondition, routingdestinationid, routingdestinationparameter, routingtype, finalstate_id, startstate_id, workflow_id) VALUES (nextval('HIBERNATE_SEQUENCE'), FALSE, FALSE, null, null, null, 'Ordine de zi definitivata', null, null, null, null, (select id from workflowstate where code='marcare_sedinta_cd_calendar_agenda' and temp_workflow_id_=(select id from workflow where name='UAT Local - Ordine de zi CD')), (select id from workflowstate where code='definitivare_ordine_de_zi' and temp_workflow_id_=(select id from workflow where name='UAT Local - Ordine de zi CD')), (select id from workflow where name='UAT Local - Ordine de zi CD'));
INSERT INTO workflowtransition (id, available_4_auto_actions_only, deadlineaction, deadlineactiontype, deadlinenotifyresendinterval, deadlineperiod, name, routingcondition, routingdestinationid, routingdestinationparameter, routingtype, finalstate_id, startstate_id, workflow_id) VALUES (nextval('HIBERNATE_SEQUENCE'), FALSE, FALSE, null, null, null, 'Metadate completate initial', null, (select ORG_ENTITY_ID from ORGANIZATIONUNIT where name='Presedinte Executiv'), null, 'OU', (select id from workflowstate where code='propunere_definitivare' and temp_workflow_id_=(select id from workflow where name='UAT Local - Ordine de zi CD')), (select id from workflowstate where code='completare_initiala_metadate' and temp_workflow_id_=(select id from workflow where name='UAT Local - Ordine de zi CD')), (select id from workflow where name='UAT Local - Ordine de zi CD'));
INSERT INTO workflowtransition (id, available_4_auto_actions_only, deadlineaction, deadlineactiontype, deadlinenotifyresendinterval, deadlineperiod, name, routingcondition, routingdestinationid, routingdestinationparameter, routingtype, finalstate_id, startstate_id, workflow_id) VALUES (nextval('HIBERNATE_SEQUENCE'), FALSE, FALSE, null, null, null, 'Task completare Ordine de zi asignat si initiat', null, null, 'initiator_ordine_de_zi_cd', 'PARAMETER', (select id from workflowstate where code='completare_initiala_metadate' and temp_workflow_id_=(select id from workflow where name='UAT Local - Ordine de zi CD')), (select id from workflowstate where code='asignare_initiere_task' and temp_workflow_id_=(select id from workflow where name='UAT Local - Ordine de zi CD')), (select id from workflow where name='UAT Local - Ordine de zi CD'));
INSERT INTO workflowtransition (id, available_4_auto_actions_only, deadlineaction, deadlineactiontype, deadlinenotifyresendinterval, deadlineperiod, name, routingcondition, routingdestinationid, routingdestinationparameter, routingtype, finalstate_id, startstate_id, workflow_id) VALUES (nextval('HIBERNATE_SEQUENCE'), FALSE, FALSE, null, null, null, 'Definitivare Ordine de zi propusa', null, (select ORG_ENTITY_ID from edocgroup where name='Directori'), null, 'GROUP', (select id from workflowstate where code='definitivare_ordine_de_zi' and temp_workflow_id_=(select id from workflow where name='UAT Local - Ordine de zi CD')), (select id from workflowstate where code='propunere_definitivare' and temp_workflow_id_=(select id from workflow where name='UAT Local - Ordine de zi CD')), (select id from workflow where name='UAT Local - Ordine de zi CD'));
INSERT INTO workflowtransition (id, available_4_auto_actions_only, deadlineaction, deadlineactiontype, deadlinenotifyresendinterval, deadlineperiod, name, routingcondition, routingdestinationid, routingdestinationparameter, routingtype, finalstate_id, startstate_id, workflow_id) VALUES (nextval('HIBERNATE_SEQUENCE'), FALSE, FALSE, null, null, null, 'Sedinta marcata in Calendar ARB si in Agenda PE', null, null, null, null, (select id from workflowstate where code='ordine_de_zi_finalizata' and temp_workflow_id_=(select id from workflow where name='UAT Local - Ordine de zi CD')), (select id from workflowstate where code='marcare_sedinta_cd_calendar_agenda' and temp_workflow_id_=(select id from workflow where name='UAT Local - Ordine de zi CD')), (select id from workflow where name='UAT Local - Ordine de zi CD'));
-- Workflow < UAT Local - Ordine de zi CD

-- Workflow > UAT Local - Prezenta AGA
INSERT INTO workflow (id, description, name, processdefinitionid, version_number, base_version_id, source_version_id) VALUES (nextval('HIBERNATE_SEQUENCE'), null, 'UAT Local - Prezenta AGA', null, 1, null, null);

INSERT INTO workflow_doc_type (workflow_id, document_type_id) VALUES ((select id from workflow where name='UAT Local - Prezenta AGA'), (select id from documenttype where name='UAT Local - Prezenta AGA'));

INSERT INTO workflowstate (id, attachmentspermission, code, name, statetype, automaticrunning, classpath, temp_workflow_id_) VALUES (nextval('HIBERNATE_SEQUENCE'), 3, 'adaugare_comentariu_atasament', 'Adaugare comentariu, atasament', 2, FALSE, null, (select id from workflow where name='UAT Local - Prezenta AGA'));
INSERT INTO workflowstate (id, attachmentspermission, code, name, statetype, automaticrunning, classpath, temp_workflow_id_) VALUES (nextval('HIBERNATE_SEQUENCE'), 3, 'completare_metadate_prezenta', 'Completare metadate prezenta', 2, FALSE, null, (select id from workflow where name='UAT Local - Prezenta AGA'));
INSERT INTO workflowstate (id, attachmentspermission, code, name, statetype, automaticrunning, classpath, temp_workflow_id_) VALUES (nextval('HIBERNATE_SEQUENCE'), 0, 'marcare_sedinta_in_calendar', 'Marcare sedinta in calendar', 2, FALSE, null, (select id from workflow where name='UAT Local - Prezenta AGA'));
INSERT INTO workflowstate (id, attachmentspermission, code, name, statetype, automaticrunning, classpath, temp_workflow_id_) VALUES (nextval('HIBERNATE_SEQUENCE'), 3, 'planificare_sedinta', 'Planificare sedinta', 1, FALSE, null, (select id from workflow where name='UAT Local - Prezenta AGA'));
INSERT INTO workflowstate (id, attachmentspermission, code, name, statetype, automaticrunning, classpath, temp_workflow_id_) VALUES (nextval('HIBERNATE_SEQUENCE'), 3, 'prezenta_aga_finalizata', 'Prezenta AGA finalizata', 3, FALSE, null, (select id from workflow where name='UAT Local - Prezenta AGA'));

INSERT INTO workflowtransition (id, available_4_auto_actions_only, deadlineaction, deadlineactiontype, deadlinenotifyresendinterval, deadlineperiod, name, routingcondition, routingdestinationid, routingdestinationparameter, routingtype, finalstate_id, startstate_id, workflow_id) VALUES (nextval('HIBERNATE_SEQUENCE'), FALSE, FALSE, null, null, null, 'Metadate prezenta completate', null, (select ORG_ENTITY_ID from ORGANIZATIONUNIT where name='Presedinte Executiv'), null, 'OU', (select id from workflowstate where code='adaugare_comentariu_atasament' and temp_workflow_id_=(select id from workflow where name='UAT Local - Prezenta AGA')), (select id from workflowstate where code='completare_metadate_prezenta' and temp_workflow_id_=(select id from workflow where name='UAT Local - Prezenta AGA')), (select id from workflow where name='UAT Local - Prezenta AGA'));
INSERT INTO workflowtransition (id, available_4_auto_actions_only, deadlineaction, deadlineactiontype, deadlinenotifyresendinterval, deadlineperiod, name, routingcondition, routingdestinationid, routingdestinationparameter, routingtype, finalstate_id, startstate_id, workflow_id) VALUES (nextval('HIBERNATE_SEQUENCE'), FALSE, FALSE, null, null, null, 'Sedinta marcata in calendar', null, (select ORG_ENTITY_ID from edocgroup where name='Secretariat'), null, 'GROUP', (select id from workflowstate where code='completare_metadate_prezenta' and temp_workflow_id_=(select id from workflow where name='UAT Local - Prezenta AGA')), (select id from workflowstate where code='marcare_sedinta_in_calendar' and temp_workflow_id_=(select id from workflow where name='UAT Local - Prezenta AGA')), (select id from workflow where name='UAT Local - Prezenta AGA'));
INSERT INTO workflowtransition (id, available_4_auto_actions_only, deadlineaction, deadlineactiontype, deadlinenotifyresendinterval, deadlineperiod, name, routingcondition, routingdestinationid, routingdestinationparameter, routingtype, finalstate_id, startstate_id, workflow_id) VALUES (nextval('HIBERNATE_SEQUENCE'), FALSE, FALSE, null, null, null, 'Sedinta planificata', null, (select ORG_ENTITY_ID from edocgroup where name='Secretariat'), null, 'GROUP', (select id from workflowstate where code='marcare_sedinta_in_calendar' and temp_workflow_id_=(select id from workflow where name='UAT Local - Prezenta AGA')), (select id from workflowstate where code='planificare_sedinta' and temp_workflow_id_=(select id from workflow where name='UAT Local - Prezenta AGA')), (select id from workflow where name='UAT Local - Prezenta AGA'));
INSERT INTO workflowtransition (id, available_4_auto_actions_only, deadlineaction, deadlineactiontype, deadlinenotifyresendinterval, deadlineperiod, name, routingcondition, routingdestinationid, routingdestinationparameter, routingtype, finalstate_id, startstate_id, workflow_id) VALUES (nextval('HIBERNATE_SEQUENCE'), FALSE, FALSE, null, null, null, 'Comentariu, atasament adaugat', null, null, null, null, (select id from workflowstate where code='prezenta_aga_finalizata' and temp_workflow_id_=(select id from workflow where name='UAT Local - Prezenta AGA')), (select id from workflowstate where code='adaugare_comentariu_atasament' and temp_workflow_id_=(select id from workflow where name='UAT Local - Prezenta AGA')), (select id from workflow where name='UAT Local - Prezenta AGA'));
-- Workflow < UAT Local - Prezenta AGA

-- Workflow > UAT Local - Prezenta CD PVG
INSERT INTO workflow (id, description, name, processdefinitionid, version_number, base_version_id, source_version_id) VALUES (nextval('HIBERNATE_SEQUENCE'), null, 'UAT Local - Prezenta CD PVG', null, 1, null, null);

INSERT INTO workflow_doc_type (workflow_id, document_type_id) VALUES ((select id from workflow where name='UAT Local - Prezenta CD PVG'), (select id from documenttype where name='UAT Local - Prezenta CD PVG'));

INSERT INTO workflowstate (id, attachmentspermission, code, name, statetype, automaticrunning, classpath, temp_workflow_id_) VALUES (nextval('HIBERNATE_SEQUENCE'), 0, 'asignare_initiere_task', 'Asignare si initiere task', 1, FALSE, null, (select id from workflow where name='UAT Local - Prezenta CD PVG'));
INSERT INTO workflowstate (id, attachmentspermission, code, name, statetype, automaticrunning, classpath, temp_workflow_id_) VALUES (nextval('HIBERNATE_SEQUENCE'), 0, 'completare_initiala_metadate_prezenta_cd_pvg', 'Completare initiala metadate Prezenta CD PVG', 2, FALSE, null, (select id from workflow where name='UAT Local - Prezenta CD PVG'));
INSERT INTO workflowstate (id, attachmentspermission, code, name, statetype, automaticrunning, classpath, temp_workflow_id_) VALUES (nextval('HIBERNATE_SEQUENCE'), 0, 'definitivare_prezenta_cd_pvg', 'Definitivare Prezenta CD PVG', 2, FALSE, null, (select id from workflow where name='UAT Local - Prezenta CD PVG'));
INSERT INTO workflowstate (id, attachmentspermission, code, name, statetype, automaticrunning, classpath, temp_workflow_id_) VALUES (nextval('HIBERNATE_SEQUENCE'), 0, 'prezenta_cd_pvg_finalizata', 'Prezenta CD PVG finalizata', 3, FALSE, null, (select id from workflow where name='UAT Local - Prezenta CD PVG'));

INSERT INTO workflowtransition (id, available_4_auto_actions_only, deadlineaction, deadlineactiontype, deadlinenotifyresendinterval, deadlineperiod, name, routingcondition, routingdestinationid, routingdestinationparameter, routingtype, finalstate_id, startstate_id, workflow_id) VALUES (nextval('HIBERNATE_SEQUENCE'), FALSE, FALSE, null, null, null, 'Prezenta CD PVG definitivata', null, null, null, null, (select id from workflowstate where code='prezenta_cd_pvg_finalizata' and temp_workflow_id_=(select id from workflow where name='UAT Local - Prezenta CD PVG')), (select id from workflowstate where code='definitivare_prezenta_cd_pvg' and temp_workflow_id_=(select id from workflow where name='UAT Local - Prezenta CD PVG')), (select id from workflow where name='UAT Local - Prezenta CD PVG'));
INSERT INTO workflowtransition (id, available_4_auto_actions_only, deadlineaction, deadlineactiontype, deadlinenotifyresendinterval, deadlineperiod, name, routingcondition, routingdestinationid, routingdestinationparameter, routingtype, finalstate_id, startstate_id, workflow_id) VALUES (nextval('HIBERNATE_SEQUENCE'), FALSE, FALSE, null, null, null, 'Task completare Prezenta CD PVG asignat si initiat', null, null, 'initiator_prezenta_cd_pvg', 'PARAMETER', (select id from workflowstate where code='completare_initiala_metadate_prezenta_cd_pvg' and temp_workflow_id_=(select id from workflow where name='UAT Local - Prezenta CD PVG')), (select id from workflowstate where code='asignare_initiere_task' and temp_workflow_id_=(select id from workflow where name='UAT Local - Prezenta CD PVG')), (select id from workflow where name='UAT Local - Prezenta CD PVG'));
INSERT INTO workflowtransition (id, available_4_auto_actions_only, deadlineaction, deadlineactiontype, deadlinenotifyresendinterval, deadlineperiod, name, routingcondition, routingdestinationid, routingdestinationparameter, routingtype, finalstate_id, startstate_id, workflow_id) VALUES (nextval('HIBERNATE_SEQUENCE'), FALSE, FALSE, null, null, null, 'Metadate Prezenta CD PVG completate initial', null, (select ORG_ENTITY_ID from edocgroup where name='Directori'), null, 'GROUP', (select id from workflowstate where code='definitivare_prezenta_cd_pvg' and temp_workflow_id_=(select id from workflow where name='UAT Local - Prezenta CD PVG')), (select id from workflowstate where code='completare_initiala_metadate_prezenta_cd_pvg' and temp_workflow_id_=(select id from workflow where name='UAT Local - Prezenta CD PVG')), (select id from workflow where name='UAT Local - Prezenta CD PVG'));
-- Workflow < UAT Local - Prezenta CD PVG

-- Workflow > UAT Local - Prezenta Comisie GL
INSERT INTO workflow (id, description, name, processdefinitionid, version_number, base_version_id, source_version_id) VALUES (nextval('HIBERNATE_SEQUENCE'), null, 'UAT Local - Prezenta Comisie GL', null, 1, null, null);

INSERT INTO workflow_doc_type (workflow_id, document_type_id) VALUES ((select id from workflow where name='UAT Local - Prezenta Comisie GL'), (select id from documenttype where name='UAT Local - Prezenta Comisie GL'));

INSERT INTO workflowstate (id, attachmentspermission, code, name, statetype, automaticrunning, classpath, temp_workflow_id_) VALUES (nextval('HIBERNATE_SEQUENCE'), 3, 'adaugare_atasament', 'Adaugare atasament', 2, FALSE, null, (select id from workflow where name='UAT Local - Prezenta Comisie GL'));
INSERT INTO workflowstate (id, attachmentspermission, code, name, statetype, automaticrunning, classpath, temp_workflow_id_) VALUES (nextval('HIBERNATE_SEQUENCE'), 0, 'asignare_task_user', 'Asignare user si initiere task', 1, FALSE, null, (select id from workflow where name='UAT Local - Prezenta Comisie GL'));
INSERT INTO workflowstate (id, attachmentspermission, code, name, statetype, automaticrunning, classpath, temp_workflow_id_) VALUES (nextval('HIBERNATE_SEQUENCE'), 0, 'completare_metadate_prezenta', 'Completare metadate prezenta', 2, FALSE, null, (select id from workflow where name='UAT Local - Prezenta Comisie GL'));
INSERT INTO workflowstate (id, attachmentspermission, code, name, statetype, automaticrunning, classpath, temp_workflow_id_) VALUES (nextval('HIBERNATE_SEQUENCE'), 0, 'finalizare_prezenta', 'Finalizare prezenta', 3, FALSE, null, (select id from workflow where name='UAT Local - Prezenta Comisie GL'));
INSERT INTO workflowstate (id, attachmentspermission, code, name, statetype, automaticrunning, classpath, temp_workflow_id_) VALUES (nextval('HIBERNATE_SEQUENCE'), 0, 'marcare_sedinta_in_calendar', 'Marcare sedinta in calendar', 2, FALSE, null, (select id from workflow where name='UAT Local - Prezenta Comisie GL'));
INSERT INTO workflowstate (id, attachmentspermission, code, name, statetype, automaticrunning, classpath, temp_workflow_id_) VALUES (nextval('HIBERNATE_SEQUENCE'), 3, 'planificare_sedinta', 'Planificare sedinta', 2, FALSE, null, (select id from workflow where name='UAT Local - Prezenta Comisie GL'));

INSERT INTO workflowtransition (id, available_4_auto_actions_only, deadlineaction, deadlineactiontype, deadlinenotifyresendinterval, deadlineperiod, name, routingcondition, routingdestinationid, routingdestinationparameter, routingtype, finalstate_id, startstate_id, workflow_id) VALUES (nextval('HIBERNATE_SEQUENCE'), FALSE, FALSE, null, null, null, 'Metadate prezenta completate', null, null, 'initiator_prezenta_comisie_gl', 'PARAMETER', (select id from workflowstate where code='adaugare_atasament' and temp_workflow_id_=(select id from workflow where name='UAT Local - Prezenta Comisie GL')), (select id from workflowstate where code='completare_metadate_prezenta' and temp_workflow_id_=(select id from workflow where name='UAT Local - Prezenta Comisie GL')), (select id from workflow where name='UAT Local - Prezenta Comisie GL'));
INSERT INTO workflowtransition (id, available_4_auto_actions_only, deadlineaction, deadlineactiontype, deadlinenotifyresendinterval, deadlineperiod, name, routingcondition, routingdestinationid, routingdestinationparameter, routingtype, finalstate_id, startstate_id, workflow_id) VALUES (nextval('HIBERNATE_SEQUENCE'), FALSE, FALSE, null, null, null, 'Atasament adaugat', null, null, null, null, (select id from workflowstate where code='finalizare_prezenta' and temp_workflow_id_=(select id from workflow where name='UAT Local - Prezenta Comisie GL')), (select id from workflowstate where code='adaugare_atasament' and temp_workflow_id_=(select id from workflow where name='UAT Local - Prezenta Comisie GL')), (select id from workflow where name='UAT Local - Prezenta Comisie GL'));
INSERT INTO workflowtransition (id, available_4_auto_actions_only, deadlineaction, deadlineactiontype, deadlinenotifyresendinterval, deadlineperiod, name, routingcondition, routingdestinationid, routingdestinationparameter, routingtype, finalstate_id, startstate_id, workflow_id) VALUES (nextval('HIBERNATE_SEQUENCE'), FALSE, FALSE, null, null, null, 'Task asignat si initiat', null, null, 'initiator_prezenta_comisie_gl', 'PARAMETER', (select id from workflowstate where code='planificare_sedinta' and temp_workflow_id_=(select id from workflow where name='UAT Local - Prezenta Comisie GL')), (select id from workflowstate where code='asignare_task_user' and temp_workflow_id_=(select id from workflow where name='UAT Local - Prezenta Comisie GL')), (select id from workflow where name='UAT Local - Prezenta Comisie GL'));
INSERT INTO workflowtransition (id, available_4_auto_actions_only, deadlineaction, deadlineactiontype, deadlinenotifyresendinterval, deadlineperiod, name, routingcondition, routingdestinationid, routingdestinationparameter, routingtype, finalstate_id, startstate_id, workflow_id) VALUES (nextval('HIBERNATE_SEQUENCE'), FALSE, FALSE, null, null, null, 'Sedinta planificata', null, null, 'initiator_prezenta_comisie_gl', 'PARAMETER', (select id from workflowstate where code='marcare_sedinta_in_calendar' and temp_workflow_id_=(select id from workflow where name='UAT Local - Prezenta Comisie GL')), (select id from workflowstate where code='planificare_sedinta' and temp_workflow_id_=(select id from workflow where name='UAT Local - Prezenta Comisie GL')), (select id from workflow where name='UAT Local - Prezenta Comisie GL'));
INSERT INTO workflowtransition (id, available_4_auto_actions_only, deadlineaction, deadlineactiontype, deadlinenotifyresendinterval, deadlineperiod, name, routingcondition, routingdestinationid, routingdestinationparameter, routingtype, finalstate_id, startstate_id, workflow_id) VALUES (nextval('HIBERNATE_SEQUENCE'), FALSE, FALSE, null, null, null, 'Sedinta marcata in calendar', null, null, 'initiator_prezenta_comisie_gl', 'PARAMETER', (select id from workflowstate where code='completare_metadate_prezenta' and temp_workflow_id_=(select id from workflow where name='UAT Local - Prezenta Comisie GL')), (select id from workflowstate where code='marcare_sedinta_in_calendar' and temp_workflow_id_=(select id from workflow where name='UAT Local - Prezenta Comisie GL')), (select id from workflow where name='UAT Local - Prezenta Comisie GL'));
-- Workflow < UAT Local - Prezenta Comisie GL

-- Workflow > UAT Local - Proces verbal CD
INSERT INTO workflow (id, description, name, processdefinitionid, version_number, base_version_id, source_version_id) VALUES (nextval('HIBERNATE_SEQUENCE'), null, 'UAT Local - Proces verbal CD', null, 1, null, null);

INSERT INTO workflow_doc_type (workflow_id, document_type_id) VALUES ((select id from workflow where name='UAT Local - Proces verbal CD'), (select id from documenttype where name='UAT Local - Proces verbal CD'));

INSERT INTO workflowstate (id, attachmentspermission, code, name, statetype, automaticrunning, classpath, temp_workflow_id_) VALUES (nextval('HIBERNATE_SEQUENCE'), 3, 'adaugare_comentariu_atasament', 'Adaugare comentariu, atasament', 2, FALSE, null, (select id from workflow where name='UAT Local - Proces verbal CD'));
INSERT INTO workflowstate (id, attachmentspermission, code, name, statetype, automaticrunning, classpath, temp_workflow_id_) VALUES (nextval('HIBERNATE_SEQUENCE'), 0, 'asignare_initiere_task', 'Asignare si initiere task', 1, FALSE, null, (select id from workflow where name='UAT Local - Proces verbal CD'));
INSERT INTO workflowstate (id, attachmentspermission, code, name, statetype, automaticrunning, classpath, temp_workflow_id_) VALUES (nextval('HIBERNATE_SEQUENCE'), 0, 'completare_metadate_proces_verbal_cd', 'Completare metadate Proces verbal CD', 2, FALSE, null, (select id from workflow where name='UAT Local - Proces verbal CD'));
INSERT INTO workflowstate (id, attachmentspermission, code, name, statetype, automaticrunning, classpath, temp_workflow_id_) VALUES (nextval('HIBERNATE_SEQUENCE'), 0, 'corectie_proces_verbal_cd', 'Corectie Proces verbal CD', 2, FALSE, null, (select id from workflow where name='UAT Local - Proces verbal CD'));
INSERT INTO workflowstate (id, attachmentspermission, code, name, statetype, automaticrunning, classpath, temp_workflow_id_) VALUES (nextval('HIBERNATE_SEQUENCE'), 0, 'proces_verbal_finalizat', 'Proces verbal finalizat', 3, FALSE, null, (select id from workflow where name='UAT Local - Proces verbal CD'));
INSERT INTO workflowstate (id, attachmentspermission, code, name, statetype, automaticrunning, classpath, temp_workflow_id_) VALUES (nextval('HIBERNATE_SEQUENCE'), 0, 'verificare_proces_verbal_cd', 'Verificare Proces verbal CD', 2, FALSE, null, (select id from workflow where name='UAT Local - Proces verbal CD'));

INSERT INTO workflowtransition (id, available_4_auto_actions_only, deadlineaction, deadlineactiontype, deadlinenotifyresendinterval, deadlineperiod, name, routingcondition, routingdestinationid, routingdestinationparameter, routingtype, finalstate_id, startstate_id, workflow_id) VALUES (nextval('HIBERNATE_SEQUENCE'), FALSE, FALSE, null, null, null, 'Proces verbal CD verificat - corectie necesara', '{corectie_necesara} =~ ''.*#da#.*''', null, 'initiator_proces_verbal_cd', 'PARAMETER', (select id from workflowstate where code='corectie_proces_verbal_cd' and temp_workflow_id_=(select id from workflow where name='UAT Local - Proces verbal CD')), (select id from workflowstate where code='verificare_proces_verbal_cd' and temp_workflow_id_=(select id from workflow where name='UAT Local - Proces verbal CD')), (select id from workflow where name='UAT Local - Proces verbal CD'));
INSERT INTO workflowtransition (id, available_4_auto_actions_only, deadlineaction, deadlineactiontype, deadlinenotifyresendinterval, deadlineperiod, name, routingcondition, routingdestinationid, routingdestinationparameter, routingtype, finalstate_id, startstate_id, workflow_id) VALUES (nextval('HIBERNATE_SEQUENCE'), FALSE, FALSE, null, null, null, 'Metadate Proces verbal CD completate', null, null, 'user_validator', 'PARAMETER', (select id from workflowstate where code='verificare_proces_verbal_cd' and temp_workflow_id_=(select id from workflow where name='UAT Local - Proces verbal CD')), (select id from workflowstate where code='completare_metadate_proces_verbal_cd' and temp_workflow_id_=(select id from workflow where name='UAT Local - Proces verbal CD')), (select id from workflow where name='UAT Local - Proces verbal CD'));
INSERT INTO workflowtransition (id, available_4_auto_actions_only, deadlineaction, deadlineactiontype, deadlinenotifyresendinterval, deadlineperiod, name, routingcondition, routingdestinationid, routingdestinationparameter, routingtype, finalstate_id, startstate_id, workflow_id) VALUES (nextval('HIBERNATE_SEQUENCE'), FALSE, FALSE, null, null, null, 'Proces verbal CD verificat - nu necesita corectii', '{corectie_necesara} =~ ''.*#nu#.*''', null, 'initiator_proces_verbal_cd', 'PARAMETER', (select id from workflowstate where code='adaugare_comentariu_atasament' and temp_workflow_id_=(select id from workflow where name='UAT Local - Proces verbal CD')), (select id from workflowstate where code='verificare_proces_verbal_cd' and temp_workflow_id_=(select id from workflow where name='UAT Local - Proces verbal CD')), (select id from workflow where name='UAT Local - Proces verbal CD'));
INSERT INTO workflowtransition (id, available_4_auto_actions_only, deadlineaction, deadlineactiontype, deadlinenotifyresendinterval, deadlineperiod, name, routingcondition, routingdestinationid, routingdestinationparameter, routingtype, finalstate_id, startstate_id, workflow_id) VALUES (nextval('HIBERNATE_SEQUENCE'), FALSE, FALSE, null, null, null, 'Proces verbal corectat', null, null, 'user_validator', 'PARAMETER', (select id from workflowstate where code='verificare_proces_verbal_cd' and temp_workflow_id_=(select id from workflow where name='UAT Local - Proces verbal CD')), (select id from workflowstate where code='corectie_proces_verbal_cd' and temp_workflow_id_=(select id from workflow where name='UAT Local - Proces verbal CD')), (select id from workflow where name='UAT Local - Proces verbal CD'));
INSERT INTO workflowtransition (id, available_4_auto_actions_only, deadlineaction, deadlineactiontype, deadlinenotifyresendinterval, deadlineperiod, name, routingcondition, routingdestinationid, routingdestinationparameter, routingtype, finalstate_id, startstate_id, workflow_id) VALUES (nextval('HIBERNATE_SEQUENCE'), FALSE, FALSE, null, null, null, 'Comentariu, atasament adaugat', null, null, null, null, (select id from workflowstate where code='proces_verbal_finalizat' and temp_workflow_id_=(select id from workflow where name='UAT Local - Proces verbal CD')), (select id from workflowstate where code='adaugare_comentariu_atasament' and temp_workflow_id_=(select id from workflow where name='UAT Local - Proces verbal CD')), (select id from workflow where name='UAT Local - Proces verbal CD'));
INSERT INTO workflowtransition (id, available_4_auto_actions_only, deadlineaction, deadlineactiontype, deadlinenotifyresendinterval, deadlineperiod, name, routingcondition, routingdestinationid, routingdestinationparameter, routingtype, finalstate_id, startstate_id, workflow_id) VALUES (nextval('HIBERNATE_SEQUENCE'), FALSE, FALSE, null, null, null, 'Task completare Proces verbal CD asignat si initiat', null, null, 'initiator_proces_verbal_cd', 'PARAMETER', (select id from workflowstate where code='completare_metadate_proces_verbal_cd' and temp_workflow_id_=(select id from workflow where name='UAT Local - Proces verbal CD')), (select id from workflowstate where code='asignare_initiere_task' and temp_workflow_id_=(select id from workflow where name='UAT Local - Proces verbal CD')), (select id from workflow where name='UAT Local - Proces verbal CD'));
-- Workflow < UAT Local - Proces verbal CD

-- Workflow > UAT Local - Referat suplimentare buget
INSERT INTO workflow (id, description, name, processdefinitionid, version_number, base_version_id, source_version_id) VALUES (nextval('HIBERNATE_SEQUENCE'), null, 'UAT Local - Referat suplimentare buget', null, 1, null, null);

INSERT INTO workflow_doc_type (workflow_id, document_type_id) VALUES ((select id from workflow where name='UAT Local - Referat suplimentare buget'), (select id from documenttype where name='UAT Local - Referat suplimentare buget'));

INSERT INTO workflowstate (id, attachmentspermission, code, name, statetype, automaticrunning, classpath, temp_workflow_id_) VALUES (nextval('HIBERNATE_SEQUENCE'), 3, 'actualizare_numar_deplasari_bugetate_suplimentate', 'Actualizare numar deplasari bugetate suplimentate', 2, FALSE, null, (select id from workflow where name='UAT Local - Referat suplimentare buget'));
INSERT INTO workflowstate (id, attachmentspermission, code, name, statetype, automaticrunning, classpath, temp_workflow_id_) VALUES (nextval('HIBERNATE_SEQUENCE'), 3, 'adaugare_comentariu_atasament_initiator', 'Adaugare comentariu, atasament initiator', 2, FALSE, null, (select id from workflow where name='UAT Local - Referat suplimentare buget'));
INSERT INTO workflowstate (id, attachmentspermission, code, name, statetype, automaticrunning, classpath, temp_workflow_id_) VALUES (nextval('HIBERNATE_SEQUENCE'), 0, 'adaugare_comentariu_solicitare_respinsa_deic', 'Adaugare comentariu - solicitare respinsa DEIC', 2, FALSE, null, (select id from workflow where name='UAT Local - Referat suplimentare buget'));
INSERT INTO workflowstate (id, attachmentspermission, code, name, statetype, automaticrunning, classpath, temp_workflow_id_) VALUES (nextval('HIBERNATE_SEQUENCE'), 0, 'adaugare_comentariu_solicitare_respinsa_depr', 'Adaugare comentariu - solicitare respinsa DEPR', 2, FALSE, null, (select id from workflow where name='UAT Local - Referat suplimentare buget'));
INSERT INTO workflowstate (id, attachmentspermission, code, name, statetype, automaticrunning, classpath, temp_workflow_id_) VALUES (nextval('HIBERNATE_SEQUENCE'), 3, 'aprobare_deic', 'Aprobare DEIC', 2, FALSE, null, (select id from workflow where name='UAT Local - Referat suplimentare buget'));
INSERT INTO workflowstate (id, attachmentspermission, code, name, statetype, automaticrunning, classpath, temp_workflow_id_) VALUES (nextval('HIBERNATE_SEQUENCE'), 3, 'aprobare_depr', 'Aprobare DEPR', 2, FALSE, null, (select id from workflow where name='UAT Local - Referat suplimentare buget'));
INSERT INTO workflowstate (id, attachmentspermission, code, name, statetype, automaticrunning, classpath, temp_workflow_id_) VALUES (nextval('HIBERNATE_SEQUENCE'), 3, 'asignare_task_user', 'Asignare user si initiere task', 1, FALSE, null, (select id from workflow where name='UAT Local - Referat suplimentare buget'));
INSERT INTO workflowstate (id, attachmentspermission, code, name, statetype, automaticrunning, classpath, temp_workflow_id_) VALUES (nextval('HIBERNATE_SEQUENCE'), 0, 'completare_metadate_referat', 'Completare metadate referat', 2, FALSE, null, (select id from workflow where name='UAT Local - Referat suplimentare buget'));
INSERT INTO workflowstate (id, attachmentspermission, code, name, statetype, automaticrunning, classpath, temp_workflow_id_) VALUES (nextval('HIBERNATE_SEQUENCE'), 0, 'solicitare_suplimentare_buget_aprobata', 'Solicitare suplimentare buget aprobata', 3, FALSE, null, (select id from workflow where name='UAT Local - Referat suplimentare buget'));
INSERT INTO workflowstate (id, attachmentspermission, code, name, statetype, automaticrunning, classpath, temp_workflow_id_) VALUES (nextval('HIBERNATE_SEQUENCE'), 0, 'solicitare_suplimentare_buget_respinsa_deic', 'Solicitare suplimentare buget respinsa DEIC', 3, FALSE, null, (select id from workflow where name='UAT Local - Referat suplimentare buget'));
INSERT INTO workflowstate (id, attachmentspermission, code, name, statetype, automaticrunning, classpath, temp_workflow_id_) VALUES (nextval('HIBERNATE_SEQUENCE'), 0, 'solicitare_suplimentare_buget_respinsa_depr', 'Solicitare suplimentare buget respinsa DEPR', 3, FALSE, null, (select id from workflow where name='UAT Local - Referat suplimentare buget'));

INSERT INTO workflowtransition (id, available_4_auto_actions_only, deadlineaction, deadlineactiontype, deadlinenotifyresendinterval, deadlineperiod, name, routingcondition, routingdestinationid, routingdestinationparameter, routingtype, finalstate_id, startstate_id, workflow_id) VALUES (nextval('HIBERNATE_SEQUENCE'), FALSE, FALSE, null, null, null, 'Solicitare suplimentare buget aprobata DEIC', '{status_solicitare_aprobator_deic} =~ ''.*#aprobat#.*''', null, 'initiator_referat', 'PARAMETER', (select id from workflowstate where code='actualizare_numar_deplasari_bugetate_suplimentate' and temp_workflow_id_=(select id from workflow where name='UAT Local - Referat suplimentare buget')), (select id from workflowstate where code='aprobare_deic' and temp_workflow_id_=(select id from workflow where name='UAT Local - Referat suplimentare buget')), (select id from workflow where name='UAT Local - Referat suplimentare buget'));
INSERT INTO workflowtransition (id, available_4_auto_actions_only, deadlineaction, deadlineactiontype, deadlinenotifyresendinterval, deadlineperiod, name, routingcondition, routingdestinationid, routingdestinationparameter, routingtype, finalstate_id, startstate_id, workflow_id) VALUES (nextval('HIBERNATE_SEQUENCE'), FALSE, FALSE, null, null, null, 'Solicitare suplimentare buget respinsa DEPR', '{status_solicitare_aprobator_depr} =~ ''.*#respins#.*''', null, 'aprobator_depr', 'PARAMETER', (select id from workflowstate where code='adaugare_comentariu_solicitare_respinsa_depr' and temp_workflow_id_=(select id from workflow where name='UAT Local - Referat suplimentare buget')), (select id from workflowstate where code='aprobare_depr' and temp_workflow_id_=(select id from workflow where name='UAT Local - Referat suplimentare buget')), (select id from workflow where name='UAT Local - Referat suplimentare buget'));
INSERT INTO workflowtransition (id, available_4_auto_actions_only, deadlineaction, deadlineactiontype, deadlinenotifyresendinterval, deadlineperiod, name, routingcondition, routingdestinationid, routingdestinationparameter, routingtype, finalstate_id, startstate_id, workflow_id) VALUES (nextval('HIBERNATE_SEQUENCE'), FALSE, FALSE, null, null, null, 'Comentariu adaugat - solicitare respinsa DEPR', null, null, null, null, (select id from workflowstate where code='solicitare_suplimentare_buget_respinsa_depr' and temp_workflow_id_=(select id from workflow where name='UAT Local - Referat suplimentare buget')), (select id from workflowstate where code='adaugare_comentariu_solicitare_respinsa_depr' and temp_workflow_id_=(select id from workflow where name='UAT Local - Referat suplimentare buget')), (select id from workflow where name='UAT Local - Referat suplimentare buget'));
WITH notificationRow AS (
	INSERT INTO transition_notifications (id, transition_id, email_subject_template, email_content_template) VALUES (nextval('HIBERNATE_SEQUENCE'), (select id from workflowtransition where name='Comentariu adaugat - solicitare respinsa DEPR' and workflow_id=(select id from workflow where name='UAT Local - Referat suplimentare buget')), 'Aprobare suplimentare buget deplasare', 'Suntei  informat c suplimentarea bugetului pentru deplasare nu  a fost aprobat de {aprobator_depr}')
	RETURNING id
) INSERT INTO sup_of_user_mtadta_trans_notif (notification_id, metadata_name) VALUES ((select id from notificationRow), 'initiator_referat');

INSERT INTO workflowtransition (id, available_4_auto_actions_only, deadlineaction, deadlineactiontype, deadlinenotifyresendinterval, deadlineperiod, name, routingcondition, routingdestinationid, routingdestinationparameter, routingtype, finalstate_id, startstate_id, workflow_id) VALUES (nextval('HIBERNATE_SEQUENCE'), FALSE, FALSE, null, null, null, 'Comentariu, atasament initiator adaugat', null, null, null, null, (select id from workflowstate where code='solicitare_suplimentare_buget_aprobata' and temp_workflow_id_=(select id from workflow where name='UAT Local - Referat suplimentare buget')), (select id from workflowstate where code='adaugare_comentariu_atasament_initiator' and temp_workflow_id_=(select id from workflow where name='UAT Local - Referat suplimentare buget')), (select id from workflow where name='UAT Local - Referat suplimentare buget'));
WITH notificationRow AS (
	INSERT INTO transition_notifications (id, transition_id, email_subject_template, email_content_template) VALUES (nextval('HIBERNATE_SEQUENCE'), (select id from workflowtransition where name='Comentariu, atasament initiator adaugat' and workflow_id=(select id from workflow where name='UAT Local - Referat suplimentare buget')), 'Aprobare suplimentare buget deplasare', 'Suntei  informat ca suplimentarea bugetului pentru deplasare a fost aprobat')
	RETURNING id
) INSERT INTO sup_of_user_mtadta_trans_notif (notification_id, metadata_name) VALUES ((select id from notificationRow), 'initiator_referat');

INSERT INTO workflowtransition (id, available_4_auto_actions_only, deadlineaction, deadlineactiontype, deadlinenotifyresendinterval, deadlineperiod, name, routingcondition, routingdestinationid, routingdestinationparameter, routingtype, finalstate_id, startstate_id, workflow_id) VALUES (nextval('HIBERNATE_SEQUENCE'), FALSE, FALSE, null, null, null, 'Solicitare suplimentare buget respinsa DEIC', '{status_solicitare_aprobator_deic} =~ ''.*#respins#.*''', null, 'aprobator_deic', 'PARAMETER', (select id from workflowstate where code='adaugare_comentariu_solicitare_respinsa_deic' and temp_workflow_id_=(select id from workflow where name='UAT Local - Referat suplimentare buget')), (select id from workflowstate where code='aprobare_deic' and temp_workflow_id_=(select id from workflow where name='UAT Local - Referat suplimentare buget')), (select id from workflow where name='UAT Local - Referat suplimentare buget'));
INSERT INTO workflowtransition (id, available_4_auto_actions_only, deadlineaction, deadlineactiontype, deadlinenotifyresendinterval, deadlineperiod, name, routingcondition, routingdestinationid, routingdestinationparameter, routingtype, finalstate_id, startstate_id, workflow_id) VALUES (nextval('HIBERNATE_SEQUENCE'), FALSE, FALSE, null, null, null, 'Task asignat si initiat', null, null, 'initiator_referat', 'PARAMETER', (select id from workflowstate where code='completare_metadate_referat' and temp_workflow_id_=(select id from workflow where name='UAT Local - Referat suplimentare buget')), (select id from workflowstate where code='asignare_task_user' and temp_workflow_id_=(select id from workflow where name='UAT Local - Referat suplimentare buget')), (select id from workflow where name='UAT Local - Referat suplimentare buget'));
INSERT INTO workflowtransition (id, available_4_auto_actions_only, deadlineaction, deadlineactiontype, deadlinenotifyresendinterval, deadlineperiod, name, routingcondition, routingdestinationid, routingdestinationparameter, routingtype, finalstate_id, startstate_id, workflow_id) VALUES (nextval('HIBERNATE_SEQUENCE'), FALSE, FALSE, null, null, null, 'Metadate referat completate', null, (select ORG_ENTITY_ID from edocgroup where name='Director DEPR'), null, 'GROUP', (select id from workflowstate where code='aprobare_depr' and temp_workflow_id_=(select id from workflow where name='UAT Local - Referat suplimentare buget')), (select id from workflowstate where code='completare_metadate_referat' and temp_workflow_id_=(select id from workflow where name='UAT Local - Referat suplimentare buget')), (select id from workflow where name='UAT Local - Referat suplimentare buget'));
INSERT INTO workflowtransition (id, available_4_auto_actions_only, deadlineaction, deadlineactiontype, deadlinenotifyresendinterval, deadlineperiod, name, routingcondition, routingdestinationid, routingdestinationparameter, routingtype, finalstate_id, startstate_id, workflow_id) VALUES (nextval('HIBERNATE_SEQUENCE'), FALSE, FALSE, null, null, null, 'Comentariu adaugat - solicitare respinsa DEIC', null, null, null, null, (select id from workflowstate where code='solicitare_suplimentare_buget_respinsa_deic' and temp_workflow_id_=(select id from workflow where name='UAT Local - Referat suplimentare buget')), (select id from workflowstate where code='adaugare_comentariu_solicitare_respinsa_deic' and temp_workflow_id_=(select id from workflow where name='UAT Local - Referat suplimentare buget')), (select id from workflow where name='UAT Local - Referat suplimentare buget'));
WITH notificationRow AS (
	INSERT INTO transition_notifications (id, transition_id, email_subject_template, email_content_template) VALUES (nextval('HIBERNATE_SEQUENCE'), (select id from workflowtransition where name='Comentariu adaugat - solicitare respinsa DEIC' and workflow_id=(select id from workflow where name='UAT Local - Referat suplimentare buget')), 'Aprobare suplimentare buget deplasare', 'Suntei  informat c suplimentarea bugetului pentru deplasare nu  a fost aprobat de {aprobator_deic}')
	RETURNING id
) INSERT INTO sup_of_user_mtadta_trans_notif (notification_id, metadata_name) VALUES ((select id from notificationRow), 'aprobator_depr');
WITH notificationRow AS (
	INSERT INTO transition_notifications (id, transition_id, email_subject_template, email_content_template) VALUES (nextval('HIBERNATE_SEQUENCE'), (select id from workflowtransition where name='Comentariu adaugat - solicitare respinsa DEIC' and workflow_id=(select id from workflow where name='UAT Local - Referat suplimentare buget')), 'Aprobare suplimentare buget deplasare', 'Suntei  informat c suplimentarea bugetului pentru deplasare nu  a fost aprobat de {aprobator_deic}')
	RETURNING id
) INSERT INTO sup_of_user_mtadta_trans_notif (notification_id, metadata_name) VALUES ((select id from notificationRow), 'initiator_referat');

INSERT INTO workflowtransition (id, available_4_auto_actions_only, deadlineaction, deadlineactiontype, deadlinenotifyresendinterval, deadlineperiod, name, routingcondition, routingdestinationid, routingdestinationparameter, routingtype, finalstate_id, startstate_id, workflow_id) VALUES (nextval('HIBERNATE_SEQUENCE'), FALSE, FALSE, null, null, null, 'Solicitare suplimentare buget aprobata DEPR', '{status_solicitare_aprobator_depr} =~ ''.*#aprobat#.*''', (select ORG_ENTITY_ID from edocgroup where name='Director DEIC'), null, 'GROUP', (select id from workflowstate where code='aprobare_deic' and temp_workflow_id_=(select id from workflow where name='UAT Local - Referat suplimentare buget')), (select id from workflowstate where code='aprobare_depr' and temp_workflow_id_=(select id from workflow where name='UAT Local - Referat suplimentare buget')), (select id from workflow where name='UAT Local - Referat suplimentare buget'));
INSERT INTO workflowtransition (id, available_4_auto_actions_only, deadlineaction, deadlineactiontype, deadlinenotifyresendinterval, deadlineperiod, name, routingcondition, routingdestinationid, routingdestinationparameter, routingtype, finalstate_id, startstate_id, workflow_id) VALUES (nextval('HIBERNATE_SEQUENCE'), FALSE, FALSE, null, null, null, 'Numar deplasari bugetate suplimentate actualizat', null, null, 'initiator_referat', 'PARAMETER', (select id from workflowstate where code='adaugare_comentariu_atasament_initiator' and temp_workflow_id_=(select id from workflow where name='UAT Local - Referat suplimentare buget')), (select id from workflowstate where code='actualizare_numar_deplasari_bugetate_suplimentate' and temp_workflow_id_=(select id from workflow where name='UAT Local - Referat suplimentare buget')), (select id from workflow where name='UAT Local - Referat suplimentare buget'));
-- Workflow < UAT Local - Referat suplimentare buget

-- Workflow > UAT Local - Registru SEPA EUR
INSERT INTO workflow (id, description, name, processdefinitionid, version_number, base_version_id, source_version_id) VALUES (nextval('HIBERNATE_SEQUENCE'), null, 'UAT Local - Registru SEPA EUR', null, 1, null, null);

INSERT INTO workflow_doc_type (workflow_id, document_type_id) VALUES ((select id from workflow where name='UAT Local - Registru SEPA EUR'), (select id from documenttype where name='UAT Local - Registru SEPA EUR'));

INSERT INTO workflowstate (id, attachmentspermission, code, name, statetype, automaticrunning, classpath, temp_workflow_id_) VALUES (nextval('HIBERNATE_SEQUENCE'), 3, 'adaugare_comentariu_atasment', 'Adaugare comentariu, atasament', 2, FALSE, null, (select id from workflow where name='UAT Local - Registru SEPA EUR'));
INSERT INTO workflowstate (id, attachmentspermission, code, name, statetype, automaticrunning, classpath, temp_workflow_id_) VALUES (nextval('HIBERNATE_SEQUENCE'), 0, 'asignare_user', 'Asignare user si initiere task', 1, FALSE, null, (select id from workflow where name='UAT Local - Registru SEPA EUR'));
INSERT INTO workflowstate (id, attachmentspermission, code, name, statetype, automaticrunning, classpath, temp_workflow_id_) VALUES (nextval('HIBERNATE_SEQUENCE'), 3, 'completare_metadate', 'Completare metadate', 2, FALSE, null, (select id from workflow where name='UAT Local - Registru SEPA EUR'));
INSERT INTO workflowstate (id, attachmentspermission, code, name, statetype, automaticrunning, classpath, temp_workflow_id_) VALUES (nextval('HIBERNATE_SEQUENCE'), 0, 'registru_sepa_eur_fianlizat', 'Registru SEPA EUR finalizat', 3, FALSE, null, (select id from workflow where name='UAT Local - Registru SEPA EUR'));

INSERT INTO workflowtransition (id, available_4_auto_actions_only, deadlineaction, deadlineactiontype, deadlinenotifyresendinterval, deadlineperiod, name, routingcondition, routingdestinationid, routingdestinationparameter, routingtype, finalstate_id, startstate_id, workflow_id) VALUES (nextval('HIBERNATE_SEQUENCE'), FALSE, FALSE, null, null, null, 'Metadate completate', null, null, 'user_asignat', 'PARAMETER', (select id from workflowstate where code='adaugare_comentariu_atasment' and temp_workflow_id_=(select id from workflow where name='UAT Local - Registru SEPA EUR')), (select id from workflowstate where code='completare_metadate' and temp_workflow_id_=(select id from workflow where name='UAT Local - Registru SEPA EUR')), (select id from workflow where name='UAT Local - Registru SEPA EUR'));
INSERT INTO workflowtransition (id, available_4_auto_actions_only, deadlineaction, deadlineactiontype, deadlinenotifyresendinterval, deadlineperiod, name, routingcondition, routingdestinationid, routingdestinationparameter, routingtype, finalstate_id, startstate_id, workflow_id) VALUES (nextval('HIBERNATE_SEQUENCE'), FALSE, FALSE, null, null, null, 'Task asignat si initiat', null, null, 'user_asignat', 'PARAMETER', (select id from workflowstate where code='completare_metadate' and temp_workflow_id_=(select id from workflow where name='UAT Local - Registru SEPA EUR')), (select id from workflowstate where code='asignare_user' and temp_workflow_id_=(select id from workflow where name='UAT Local - Registru SEPA EUR')), (select id from workflow where name='UAT Local - Registru SEPA EUR'));
INSERT INTO workflowtransition (id, available_4_auto_actions_only, deadlineaction, deadlineactiontype, deadlinenotifyresendinterval, deadlineperiod, name, routingcondition, routingdestinationid, routingdestinationparameter, routingtype, finalstate_id, startstate_id, workflow_id) VALUES (nextval('HIBERNATE_SEQUENCE'), FALSE, FALSE, null, null, null, 'Comentariu, atasament adaugat', null, null, null, null, (select id from workflowstate where code='registru_sepa_eur_fianlizat' and temp_workflow_id_=(select id from workflow where name='UAT Local - Registru SEPA EUR')), (select id from workflowstate where code='adaugare_comentariu_atasment' and temp_workflow_id_=(select id from workflow where name='UAT Local - Registru SEPA EUR')), (select id from workflow where name='UAT Local - Registru SEPA EUR'));
-- Workflow < UAT Local - Registru SEPA EUR

-- Workflow > UAT Local - Registru SEPA RON
INSERT INTO workflow (id, description, name, processdefinitionid, version_number, base_version_id, source_version_id) VALUES (nextval('HIBERNATE_SEQUENCE'), null, 'UAT Local - Registru SEPA RON', null, 1, null, null);

INSERT INTO workflow_doc_type (workflow_id, document_type_id) VALUES ((select id from workflow where name='UAT Local - Registru SEPA RON'), (select id from documenttype where name='UAT Local - Registru SEPA RON'));

INSERT INTO workflowstate (id, attachmentspermission, code, name, statetype, automaticrunning, classpath, temp_workflow_id_) VALUES (nextval('HIBERNATE_SEQUENCE'), 3, 'adaugare_comentariu_atasament', 'Adaugare comentariu, atasament', 2, FALSE, null, (select id from workflow where name='UAT Local - Registru SEPA RON'));
INSERT INTO workflowstate (id, attachmentspermission, code, name, statetype, automaticrunning, classpath, temp_workflow_id_) VALUES (nextval('HIBERNATE_SEQUENCE'), 0, 'asignare_user', 'Asignare user si initiere task', 1, FALSE, null, (select id from workflow where name='UAT Local - Registru SEPA RON'));
INSERT INTO workflowstate (id, attachmentspermission, code, name, statetype, automaticrunning, classpath, temp_workflow_id_) VALUES (nextval('HIBERNATE_SEQUENCE'), 3, 'completare_metadate', 'Completare metadate', 2, FALSE, null, (select id from workflow where name='UAT Local - Registru SEPA RON'));
INSERT INTO workflowstate (id, attachmentspermission, code, name, statetype, automaticrunning, classpath, temp_workflow_id_) VALUES (nextval('HIBERNATE_SEQUENCE'), 0, 'registru_sepa_ron_finalizat', 'Registru SEPA RON finalizat', 3, FALSE, null, (select id from workflow where name='UAT Local - Registru SEPA RON'));

INSERT INTO workflowtransition (id, available_4_auto_actions_only, deadlineaction, deadlineactiontype, deadlinenotifyresendinterval, deadlineperiod, name, routingcondition, routingdestinationid, routingdestinationparameter, routingtype, finalstate_id, startstate_id, workflow_id) VALUES (nextval('HIBERNATE_SEQUENCE'), FALSE, FALSE, null, null, null, 'Comentariu, atasament adaugat', null, null, null, null, (select id from workflowstate where code='registru_sepa_ron_finalizat' and temp_workflow_id_=(select id from workflow where name='UAT Local - Registru SEPA RON')), (select id from workflowstate where code='adaugare_comentariu_atasament' and temp_workflow_id_=(select id from workflow where name='UAT Local - Registru SEPA RON')), (select id from workflow where name='UAT Local - Registru SEPA RON'));
INSERT INTO workflowtransition (id, available_4_auto_actions_only, deadlineaction, deadlineactiontype, deadlinenotifyresendinterval, deadlineperiod, name, routingcondition, routingdestinationid, routingdestinationparameter, routingtype, finalstate_id, startstate_id, workflow_id) VALUES (nextval('HIBERNATE_SEQUENCE'), FALSE, FALSE, null, null, null, 'Task asignat si initiat', null, null, 'user_asignat', 'PARAMETER', (select id from workflowstate where code='completare_metadate' and temp_workflow_id_=(select id from workflow where name='UAT Local - Registru SEPA RON')), (select id from workflowstate where code='asignare_user' and temp_workflow_id_=(select id from workflow where name='UAT Local - Registru SEPA RON')), (select id from workflow where name='UAT Local - Registru SEPA RON'));
INSERT INTO workflowtransition (id, available_4_auto_actions_only, deadlineaction, deadlineactiontype, deadlinenotifyresendinterval, deadlineperiod, name, routingcondition, routingdestinationid, routingdestinationparameter, routingtype, finalstate_id, startstate_id, workflow_id) VALUES (nextval('HIBERNATE_SEQUENCE'), FALSE, FALSE, null, null, null, 'Metadate completate', null, null, 'user_asignat', 'PARAMETER', (select id from workflowstate where code='adaugare_comentariu_atasament' and temp_workflow_id_=(select id from workflow where name='UAT Local - Registru SEPA RON')), (select id from workflowstate where code='completare_metadate' and temp_workflow_id_=(select id from workflow where name='UAT Local - Registru SEPA RON')), (select id from workflow where name='UAT Local - Registru SEPA RON'));
-- Workflow < UAT Local - Registru SEPA RON